watched_date,title,film_year,rating,rewatch,tags,link
,Watched in 2019,,,,,https://letterboxd.com/farbeach/list/watched-in-2019/
,John Wick: Chapter 3,2019.0,1.0,,"netflix, streaming",https://letterboxd.com/farbeach/film/john-wick-chapter-3-parabellum/
,Migration,2023.0,3.0,,cinema,https://letterboxd.com/farbeach/film/migration-2023/
,Ticket to Paradise,2022.0,4.0,,cinema,https://letterboxd.com/farbeach/film/ticket-to-paradise-2022/
,Frankenstein,2025.0,2.0,,,https://letterboxd.com/farbeach/film/frankenstein-2025/1/
2019-01-01,Iverson,2014.0,3.0,,"netflix, streaming",https://letterboxd.com/farbeach/film/iverson/
2019-01-02,Mary Poppins Returns,2018.0,4.0,,"imax, cinema",https://letterboxd.com/farbeach/film/another-day-of-life/
2019-01-02,The Grinch,2018.0,2.0,,"finnkino, cinema",https://letterboxd.com/farbeach/film/the-grinch/
2019-01-03,Spider-Man: Into the Spider-Verse,2018.0,5.0,,"finnkino, cinema",https://letterboxd.com/farbeach/film/spider-man-into-the-spider-verse/
2019-01-09,The Meyerowitz Stories (New and Selected),2017.0,4.0,,"netflix, streaming",https://letterboxd.com/farbeach/film/the-meyerowitz-stories-new-and-selected/
2019-01-09,Shoplifters,2018.0,5.0,,"riviera, cinema",https://letterboxd.com/farbeach/film/shoplifters/
2019-01-11,Call Me by Your Name,2017.0,4.0,,"riviera, cinema",https://letterboxd.com/farbeach/film/call-me-by-your-name/
2019-01-11,Moonstruck,1987.0,3.0,,"amazon, streaming",https://letterboxd.com/farbeach/film/moonstruck/
2019-01-16,Inside Llewyn Davis,2013.0,4.0,,"amazon, streaming",https://letterboxd.com/farbeach/film/inside-llewyn-davis/
2019-01-18,Green Book,2018.0,4.0,,"kino engel, cinema",https://letterboxd.com/farbeach/film/green-book/
2019-01-22,The White Sheik,1952.0,3.0,,"mubi, streaming",https://letterboxd.com/farbeach/film/the-white-sheik/
2019-01-25,Mathilde,2017.0,3.0,,"amazon, streaming",https://letterboxd.com/farbeach/film/mathilde/
2019-01-27,Silent Wedding,2008.0,4.0,,"mubi, streaming",https://letterboxd.com/farbeach/film/silent-wedding/
2019-01-27,The Island,2006.0,3.0,,"amazon, streaming",https://letterboxd.com/farbeach/film/the-island-2006/
2019-01-28,Apocalypse Now,1979.0,5.0,,"kino regina, cinema",https://letterboxd.com/farbeach/film/apocalypse-now/
2019-01-28,Le Temps des Forêts,,4.0,,"film festival, finnkino, docpoint festival, cinema",https://letterboxd.com/farbeach/film/le-temps-des-forets/
2019-01-30,"Hale County This Morning, This Evening",2018.0,4.0,,"film festival, docpoint festival, savoy, cinema",https://letterboxd.com/farbeach/film/hale-county-this-morning-this-evening/
2019-02-11,Birdman,2014.0,4.0,,"netflix, streaming",https://letterboxd.com/farbeach/film/birdman/
2019-02-19,Fyre,2019.0,4.0,,"netflix, streaming",https://letterboxd.com/farbeach/film/fyre-2019/
2019-02-23,The American Meme,2018.0,3.0,,"netflix, streaming",https://letterboxd.com/farbeach/film/the-american-meme/
2019-02-25,Porco Rosso,1992.0,4.0,,blu-ray,https://letterboxd.com/farbeach/film/porco-rosso/
2019-02-26,Barton Fink,1991.0,4.0,,blu-ray,https://letterboxd.com/farbeach/film/barton-fink/
2019-03-01,To All the Boys I've Loved Before,2018.0,3.0,,"netflix, streaming",https://letterboxd.com/farbeach/film/to-all-the-boys-ive-loved-before/
2019-03-01,Over the Hedge,2006.0,3.0,,"netflix, streaming",https://letterboxd.com/farbeach/film/over-the-hedge/
2019-03-05,Roma,2018.0,4.0,,"netflix, streaming",https://letterboxd.com/farbeach/film/roma-2018/
2019-03-05,Seven Psychopaths,2012.0,4.0,,"netflix, streaming",https://letterboxd.com/farbeach/film/seven-psychopaths/
2019-03-09,Vice,2018.0,4.0,,"finnkino, cinema",https://letterboxd.com/farbeach/film/vice-2018/
2019-03-11,Paterson,2016.0,4.0,,"amazon, streaming",https://letterboxd.com/farbeach/film/paterson/
2019-03-15,808,2015.0,4.0,,"amazon, streaming",https://letterboxd.com/farbeach/film/808/
2019-03-23,Alita: Battle Angel,2019.0,4.0,,"finnkino, 3d, cinema",https://letterboxd.com/farbeach/film/alita-battle-angel/
2019-03-24,Ralph Breaks the Internet,2018.0,4.0,,"vudu, streaming",https://letterboxd.com/farbeach/film/ralph-breaks-the-internet/
2019-03-24,The Tale of the Princess Kaguya,2013.0,4.0,,blu-ray,https://letterboxd.com/farbeach/film/the-tale-of-the-princess-kaguya/1/
2019-04-03,At Eternity's Gate,2018.0,3.0,,"finnkino, maxim, cinema",https://letterboxd.com/farbeach/film/at-eternitys-gate/1/
2019-04-03,"Paris, Texas",1984.0,4.0,,"mubi, streaming",https://letterboxd.com/farbeach/film/paris-texas/1/
2019-04-07,3 Faces,2018.0,4.0,,"finnkino, cinema",https://letterboxd.com/farbeach/film/3-faces/1/
2019-04-08,Long Day's Journey Into Night,2018.0,5.0,,"kino regina, film festival, cinema",https://letterboxd.com/farbeach/film/long-days-journey-into-night-2018/1/
2019-04-11,Café Society,2016.0,3.0,,"amazon, streaming",https://letterboxd.com/farbeach/film/cafe-society-2016/
2019-04-17,Britt-Marie Was Here,2019.0,3.0,,"finnkino, cinema",https://letterboxd.com/farbeach/film/britt-marie-was-here/1/
2019-04-20,Wreck-It Ralph,2012.0,4.0,,"vudu, streaming",https://letterboxd.com/farbeach/film/wreck-it-ralph/
2019-04-26,The Highwaymen,2019.0,3.0,,"netflix, streaming",https://letterboxd.com/farbeach/film/the-highwaymen/1/
2019-04-28,The Descendants,2011.0,4.0,,"netflix, streaming",https://letterboxd.com/farbeach/film/the-descendants/1/
2019-05-04,The Promise,2016.0,3.0,,"amazon, streaming",https://letterboxd.com/farbeach/film/the-promise-2016-1/1/
2019-05-05,Silicon Cowboys,2016.0,4.0,,"netflix, streaming",https://letterboxd.com/farbeach/film/silicon-cowboys/
2019-05-07,Tolkien,2019.0,4.0,,"finnkino, cinema",https://letterboxd.com/farbeach/film/tolkien-2019/
2019-05-08,The Blues Brothers,1980.0,4.0,,"amazon, streaming",https://letterboxd.com/farbeach/film/the-blues-brothers/
2019-05-09,Moonlight,2016.0,4.0,,"amazon, streaming",https://letterboxd.com/farbeach/film/moonlight-2016/
2019-05-10,Another Day of Life,2018.0,3.0,,"espoo ciné, finnkino, film festival, cinema",https://letterboxd.com/farbeach/film/another-day-of-life/
2019-05-16,Bull Durham,1988.0,3.0,,"amazon, streaming",https://letterboxd.com/farbeach/film/bull-durham/
2019-05-18,The Lego Movie 2: The Second Part,2019.0,3.0,,"xbox, streaming",https://letterboxd.com/farbeach/film/the-lego-movie-2-the-second-part/
2019-05-19,Lady Bird,2017.0,4.0,,"amazon, streaming",https://letterboxd.com/farbeach/film/lady-bird/
2019-05-19,They Shall Not Grow Old,2018.0,5.0,,"orion, cinema",https://letterboxd.com/farbeach/film/they-shall-not-grow-old/
2019-05-25,Inside Out,2015.0,4.0,,blu-ray,https://letterboxd.com/farbeach/film/inside-out-2015/
2019-05-26,The Dark Horse,2014.0,4.0,,"amazon, streaming",https://letterboxd.com/farbeach/film/the-dark-horse-2014/
2019-05-28,Hoosiers,1986.0,2.0,,"streaming, netflix",https://letterboxd.com/farbeach/film/hoosiers/
2019-06-04,The Man Who Killed Don Quixote,2018.0,3.0,,"cinema, orion",https://letterboxd.com/farbeach/film/the-man-who-killed-don-quixote/
2019-06-07,John Carter,2012.0,3.0,,"netflix, streaming",https://letterboxd.com/farbeach/film/john-carter/
2019-06-10,The Match Factory Girl,1990.0,4.0,,"streaming, yle areena",https://letterboxd.com/farbeach/film/the-match-factory-girl/
2019-06-15,20th Century Women,2016.0,4.0,,"amazon, streaming",https://letterboxd.com/farbeach/film/20th-century-women/
2019-06-16,Chi-Raq,2015.0,2.0,,"amazon, streaming",https://letterboxd.com/farbeach/film/chi-raq/
2019-06-17,Colette,2018.0,4.0,,"amazon, streaming",https://letterboxd.com/farbeach/film/colette-2018/
2019-06-19,Pokémon Detective Pikachu,2019.0,3.0,,"finnkino, cinema",https://letterboxd.com/farbeach/film/pokemon-detective-pikachu/
2019-06-20,Sixpack,2011.0,4.0,,blu-ray,https://letterboxd.com/farbeach/film/sixpack/
2019-06-22,The Commuter,2018.0,3.0,,streaming,https://letterboxd.com/farbeach/film/the-commuter/
2019-06-22,The Hitman's Bodyguard,2017.0,3.0,,streaming,https://letterboxd.com/farbeach/film/the-hitmans-bodyguard/
2019-06-23,Deadpool 2,2018.0,3.0,,streaming,https://letterboxd.com/farbeach/film/deadpool-2/
2019-06-24,Thor: Ragnarok,2017.0,3.0,,"netflix, streaming",https://letterboxd.com/farbeach/film/thor-ragnarok/
2019-06-25,Destination Wedding,2018.0,3.0,,"amazon, streaming",https://letterboxd.com/farbeach/film/destination-wedding-2018/
2019-06-27,Jack Ryan: Shadow Recruit,2014.0,3.0,,"netflix, streaming",https://letterboxd.com/farbeach/film/jack-ryan-shadow-recruit/
2019-06-30,A Futile and Stupid Gesture,2018.0,2.0,,"netflix, streaming",https://letterboxd.com/farbeach/film/a-futile-and-stupid-gesture/
2019-07-01,Whiplash,2014.0,5.0,,blu-ray,https://letterboxd.com/farbeach/film/whiplash-2014/
2019-07-03,The Avengers,2012.0,2.0,,blu-ray,https://letterboxd.com/farbeach/film/the-avengers-2012/
2019-07-03,Fear and Loathing in Las Vegas,1998.0,3.0,,"mubi, streaming",https://letterboxd.com/farbeach/film/fear-and-loathing-in-las-vegas/
2019-07-04,1941,1979.0,1.0,,"kino regina, cinema",https://letterboxd.com/farbeach/film/1941/
2019-07-05,Spider-Man: Far from Home,2019.0,4.0,,"cinema, imax, finnkino",https://letterboxd.com/farbeach/film/spider-man-far-from-home/
2019-07-06,Booksmart,2019.0,3.0,,"cinema, riviera",https://letterboxd.com/farbeach/film/booksmart/
2019-07-31,Phantom Thread,2017.0,3.0,,blu-ray,https://letterboxd.com/farbeach/film/phantom-thread/
2019-08-01,Spider-Man: Homecoming,2017.0,3.0,,"3d, blu-ray",https://letterboxd.com/farbeach/film/spider-man-homecoming/
2019-08-04,The Spy Who Dumped Me,2018.0,4.0,,"amazon, streaming",https://letterboxd.com/farbeach/film/the-spy-who-dumped-me/
2019-08-11,Minority Report,2002.0,5.0,,"amazon, streaming",https://letterboxd.com/farbeach/film/minority-report/
2019-08-11,Cold War,2018.0,4.0,,"amazon, streaming",https://letterboxd.com/farbeach/film/cold-war-2018/
2019-08-12,The Great Hack,2019.0,3.0,,"netflix, streaming",https://letterboxd.com/farbeach/film/the-great-hack/
2019-08-20,Icarus,2017.0,5.0,,"netflix, streaming",https://letterboxd.com/farbeach/film/icarus-2017/
2019-08-23,Once Upon a Time… in Hollywood,2019.0,5.0,,"finnkino, cinema",https://letterboxd.com/farbeach/film/once-upon-a-time-in-hollywood/
2019-08-31,Blue Jasmine,2013.0,4.0,,"streaming, netflix",https://letterboxd.com/farbeach/film/blue-jasmine/
2019-08-31,Short Term 12,2013.0,4.0,,"amazon, streaming",https://letterboxd.com/farbeach/film/short-term-12-2013/
2019-09-01,Mud,2012.0,4.0,,"amazon, streaming",https://letterboxd.com/farbeach/film/mud/
2019-09-01,A Serious Man,2009.0,5.0,,"netflix, streaming",https://letterboxd.com/farbeach/film/a-serious-man/
2019-09-05,Venus in Fur,2013.0,5.0,,"mubi, streaming",https://letterboxd.com/farbeach/film/venus-in-fur/
2019-09-10,Her,2013.0,5.0,,"netflix, streaming",https://letterboxd.com/farbeach/film/her/
2019-09-14,Sand Storm,2016.0,4.0,,"netflix, streaming",https://letterboxd.com/farbeach/film/sand-storm/
2019-09-15,Los Angeles Plays Itself,2003.0,4.0,,"mubi, streaming",https://letterboxd.com/farbeach/film/los-angeles-plays-itself/
2019-09-15,Frances Ha,2012.0,4.0,,"netflix, streaming",https://letterboxd.com/farbeach/film/frances-ha/1/
2019-09-16,Suleiman Mountain,2017.0,4.0,,"mubi, streaming",https://letterboxd.com/farbeach/film/suleiman-mountain/
2019-09-17,Black Panther,2018.0,3.0,,"netflix, streaming",https://letterboxd.com/farbeach/film/black-panther-2018/
2019-09-20,Ad Astra,2019.0,3.0,,"cinema, finnkino, imax",https://letterboxd.com/farbeach/film/ad-astra-2019/
2019-09-22,Madeline's Madeline,2018.0,4.0,,"amazon, streaming",https://letterboxd.com/farbeach/film/madelines-madeline/
2019-09-23,Tinker Bell and the Lost Treasure,2009.0,,,"blu-ray, kids",https://letterboxd.com/farbeach/film/tinker-bell-and-the-lost-treasure/
2019-09-24,Where's My Roy Cohn?,2019.0,4.0,,"cinema, film festival, r&a festival",https://letterboxd.com/farbeach/film/wheres-my-roy-cohn/
2019-09-24,In Fabric,2018.0,4.0,,"r&a festival, film festival, finnkino, cinema",https://letterboxd.com/farbeach/film/in-fabric/
2019-09-26,The Wild Goose Lake,2019.0,4.0,,"film festival, cinema, finnkino, r&a festival",https://letterboxd.com/farbeach/film/the-wild-goose-lake/
2019-09-27,"Ruben Brandt, Collector",2018.0,3.0,,"cinema, film festival, finnkino, r&a festival",https://letterboxd.com/farbeach/film/ruben-brandt-collector/
2019-09-27,American Factory,2019.0,5.0,,"netflix, streaming",https://letterboxd.com/farbeach/film/american-factory/
2019-09-28,Winnie the Pooh,2011.0,,,"netflix, streaming, kids",https://letterboxd.com/farbeach/film/winnie-the-pooh/
2019-10-02,Flavors of Youth,2018.0,4.0,,"netflix, streaming",https://letterboxd.com/farbeach/film/flavors-of-youth/
2019-10-03,Joker,2019.0,4.0,,"finnkino, cinema",https://letterboxd.com/farbeach/film/joker-2019/
2019-10-03,My Little Pony: The Movie,2017.0,,,"netflix, streaming",https://letterboxd.com/farbeach/film/my-little-pony-the-movie-2017/
2019-10-04,Pain and Glory,2019.0,3.0,,"cinema, kino engel",https://letterboxd.com/farbeach/film/pain-and-glory/
2019-10-05,District 9,2009.0,4.0,,"amazon, streaming",https://letterboxd.com/farbeach/film/district-9/
2019-10-06,A Shaun the Sheep Movie: Farmageddon,2019.0,3.0,,"cinema, kids, finnkino",https://letterboxd.com/farbeach/film/a-shaun-the-sheep-movie-farmageddon/
2019-10-08,The Dead Don't Die,2019.0,2.0,,"cinema, finnkino",https://letterboxd.com/farbeach/film/the-dead-dont-die-2019/
2019-10-12,Taxi Driver,1976.0,5.0,,"netflix, streaming",https://letterboxd.com/farbeach/film/taxi-driver/
2019-10-12,Dumplin',2018.0,3.0,,"netflix, streaming",https://letterboxd.com/farbeach/film/dumplin/
2019-10-13,The Love Guru,2008.0,2.0,,tv,https://letterboxd.com/farbeach/film/the-love-guru/
2019-10-13,Madagascar 3: Europe's Most Wanted,2012.0,3.0,,"netflix, streaming",https://letterboxd.com/farbeach/film/madagascar-3-europes-most-wanted/1/
2019-10-14,The Pixar Story,2007.0,4.0,,"streaming, netflix, documentary",https://letterboxd.com/farbeach/film/the-pixar-story/
2019-10-15,The Squid and the Whale,2005.0,4.0,,"streaming, amazon",https://letterboxd.com/farbeach/film/the-squid-and-the-whale/
2019-10-16,Fruitvale Station,2013.0,5.0,,"yle areena, streaming",https://letterboxd.com/farbeach/film/fruitvale-station/
2019-10-18,Hustlers,2019.0,3.0,,"finnkino, cinema",https://letterboxd.com/farbeach/film/hustlers-2019/
2019-10-19,Tinker Bell and the Pirate Fairy,2014.0,,,"netflix, streaming, kids",https://letterboxd.com/farbeach/film/tinker-bell-and-the-pirate-fairy/
2019-10-20,Ghost in the Shell,2017.0,3.0,,blu-ray,https://letterboxd.com/farbeach/film/ghost-in-the-shell-2017/
2019-10-26,Puss in Boots,2011.0,3.0,,"netflix, streaming",https://letterboxd.com/farbeach/film/puss-in-boots/
2019-10-27,Captain America: The First Avenger,2011.0,3.0,,blu-ray,https://letterboxd.com/farbeach/film/captain-america-the-first-avenger/
2019-10-30,"A Time to Live, a Time to Die",,2.0,,"amazon, streaming",https://letterboxd.com/farbeach/film/a-time-to-live-a-time-to-die/
2019-11-01,Untouchable,2019.0,5.0,,"streaming, yle areena, documentary",https://letterboxd.com/farbeach/film/untouchable-2019/
2019-11-04,Toy Story 4,2019.0,4.0,,airplane,https://letterboxd.com/farbeach/film/toy-story-4/
2019-11-04,Deep Red,1975.0,4.0,,"mubi, streaming",https://letterboxd.com/farbeach/film/deep-red/
2019-11-09,47 Ronin,2013.0,2.0,,tv,https://letterboxd.com/farbeach/film/47-ronin-2013/
2019-11-09,This Is the End,2013.0,2.0,,tv,https://letterboxd.com/farbeach/film/this-is-the-end/
2019-11-11,Ocean's Eight,2018.0,3.0,,"netflix, streaming",https://letterboxd.com/farbeach/film/oceans-eight/
2019-11-14,The Talented Mr. Ripley,1999.0,3.0,,"netflix, streaming",https://letterboxd.com/farbeach/film/the-talented-mr-ripley/
2019-11-18,Shazam!,2019.0,3.0,,airplane,https://letterboxd.com/farbeach/film/shazam/
2019-11-18,Table 19,2017.0,3.0,,airplane,https://letterboxd.com/farbeach/film/table-19/
2019-11-20,Knives Out,2019.0,4.0,,"night visions festival, film festival, finnkino, cinema",https://letterboxd.com/farbeach/film/knives-out-2019/
2019-11-21,The Life Aquatic with Steve Zissou,2004.0,4.0,,"orion, cinema",https://letterboxd.com/farbeach/film/the-life-aquatic-with-steve-zissou/
2019-11-22,The Art of Self-Defense,2019.0,4.0,,"cinema, night visions festival, film festival",https://letterboxd.com/farbeach/film/the-art-of-self-defense-2019/
2019-11-24,Bohemian Rhapsody,2018.0,4.0,,"blu-ray, atmos",https://letterboxd.com/farbeach/film/bohemian-rhapsody/
2019-11-25,The Laundromat,2019.0,3.0,,"netflix, streaming",https://letterboxd.com/farbeach/film/the-laundromat-2019/
2019-11-26,Ford v Ferrari,2019.0,2.0,,"cinema, finnkino, imax",https://letterboxd.com/farbeach/film/ford-v-ferrari/
2019-11-29,Capitalism: A Love Story,2009.0,3.0,,"amazon, streaming",https://letterboxd.com/farbeach/film/capitalism-a-love-story/
2019-11-30,The Little Mermaid,1989.0,4.0,,"disney plus, streaming, atmos",https://letterboxd.com/farbeach/film/the-little-mermaid/
2019-12-03,The Iron Lady,2011.0,3.0,,"netflix, streaming",https://letterboxd.com/farbeach/film/the-iron-lady/
2019-12-04,Zama,2017.0,3.0,,"amazon, streaming",https://letterboxd.com/farbeach/film/zama/
2019-12-05,The Princess and the Frog,2009.0,3.0,,"disney plus, streaming, atmos",https://letterboxd.com/farbeach/film/the-princess-and-the-frog/
2019-12-05,A Simple Favor,2018.0,2.0,,"amazon, streaming",https://letterboxd.com/farbeach/film/a-simple-favor/
2019-12-09,Man on the Moon,1999.0,3.0,,"amazon, streaming",https://letterboxd.com/farbeach/film/man-on-the-moon/
2019-12-10,More Than Two Hours,2013.0,5.0,,"mubi, streaming",https://letterboxd.com/farbeach/film/more-than-two-hours/
2019-12-12,Bumblebee,2018.0,3.0,,"blu-ray, atmos",https://letterboxd.com/farbeach/film/bumblebee/
2019-12-13,Iron Man 3,2013.0,4.0,,"disney plus, streaming",https://letterboxd.com/farbeach/film/iron-man-3/
2019-12-14,Star Wars: The Force Awakens,2015.0,4.0,,"disney plus, streaming",https://letterboxd.com/farbeach/film/star-wars-the-force-awakens/
2019-12-15,Frozen II,2019.0,3.0,,"finnkino, cinema",https://letterboxd.com/farbeach/film/frozen-ii/
2019-12-19,Isle of Dogs,2018.0,4.0,,"orion, cinema",https://letterboxd.com/farbeach/film/isle-of-dogs-2018/
2019-12-21,Star Wars: The Rise of Skywalker,2019.0,3.0,,"imax, finnkino, cinema",https://letterboxd.com/farbeach/film/star-wars-the-rise-of-skywalker/
2019-12-25,American Sniper,2014.0,3.0,,blu-ray,https://letterboxd.com/farbeach/film/american-sniper/
2020-01-01,Nightcrawler,2014.0,4.0,,"amazon, streaming",https://letterboxd.com/farbeach/film/nightcrawler/
2020-01-04,Sami Blood,2016.0,4.0,,"mubi, streaming",https://letterboxd.com/farbeach/film/sami-blood/
2020-01-06,The Report,2019.0,5.0,,"amazon, streaming",https://letterboxd.com/farbeach/film/the-report-2019/
2020-01-10,"I, Tonya",2017.0,3.0,,"netflix, streaming",https://letterboxd.com/farbeach/film/i-tonya/
2020-01-11,A Fish Called Wanda,1988.0,3.0,,"yle areena, streaming",https://letterboxd.com/farbeach/film/a-fish-called-wanda/
2020-01-12,Bellingcat: Truth in a Post-Truth World,2018.0,4.0,,"yle areena, streaming",https://letterboxd.com/farbeach/film/bellingcat-truth-in-a-post-truth-world/
2020-01-16,Putin's Witnesses,2018.0,4.0,,"mubi, streaming",https://letterboxd.com/farbeach/film/putins-witnesses/
2020-01-16,Dolemite Is My Name,2019.0,3.0,,"streaming, netflix",https://letterboxd.com/farbeach/film/dolemite-is-my-name/
2020-01-18,Steamboat Willie,1928.0,4.0,,"disney plus, streaming",https://letterboxd.com/farbeach/film/steamboat-willie/
2020-01-18,And Breathe Normally,2018.0,5.0,,"netflix, streaming",https://letterboxd.com/farbeach/film/and-breathe-normally/
2020-01-19,The Wedding Year,2019.0,1.0,,"streaming, amazon",https://letterboxd.com/farbeach/film/the-wedding-year/
2020-01-19,"Vodka, Mr. Palmu",1969.0,2.0,,"yle areena, streaming",https://letterboxd.com/farbeach/film/vodka-mr-palmu/
2020-01-20,Lincoln,2012.0,5.0,,"netflix, streaming",https://letterboxd.com/farbeach/film/lincoln/
2020-01-21,Late Night,2019.0,2.0,,"amazon, streaming",https://letterboxd.com/farbeach/film/late-night/
2020-01-25,Steve Jobs,2015.0,4.0,,"netflix, streaming",https://letterboxd.com/farbeach/film/steve-jobs/
2020-01-25,Lupin the Third: The Castle of Cagliostro,,4.0,,"netflix, streaming",https://letterboxd.com/farbeach/film/lupin-the-third-the-castle-of-cagliostro/
2020-01-27,T2 Trainspotting,2017.0,4.0,,blu-ray,https://letterboxd.com/farbeach/film/t2-trainspotting/
2020-01-28,Earth,2019.0,3.0,,"cinema, docpoint festival, documentary",https://letterboxd.com/farbeach/film/earth-2019/
2020-02-01,Arthur Christmas,2011.0,4.0,,"netflix, streaming",https://letterboxd.com/farbeach/film/arthur-christmas/
2020-02-01,Inglourious Basterds,2009.0,4.0,,"netflix, streaming",https://letterboxd.com/farbeach/film/inglourious-basterds/
2020-02-02,The Irishman,2019.0,4.0,,"netflix, streaming",https://letterboxd.com/farbeach/film/the-irishman-2019/
2020-02-04,The Souvenir,2019.0,2.0,,"amazon, streaming",https://letterboxd.com/farbeach/film/the-souvenir/
2020-02-04,Tower,2016.0,5.0,,"mubi, streaming",https://letterboxd.com/farbeach/film/tower-2016/
2020-02-07,Captain America: The Winter Soldier,2014.0,4.0,,"disney plus, streaming",https://letterboxd.com/farbeach/film/captain-america-the-winter-soldier/
2020-02-11,The Last Black Man in San Francisco,2019.0,4.0,,"amazon, streaming",https://letterboxd.com/farbeach/film/the-last-black-man-in-san-francisco/
2020-02-13,The Farewell,2019.0,4.0,,"amazon, streaming",https://letterboxd.com/farbeach/film/the-farewell-2019/
2020-02-14,Sorry to Bother You,2018.0,4.0,,"netflix, streaming",https://letterboxd.com/farbeach/film/sorry-to-bother-you/
2020-02-15,Always Be My Maybe,2019.0,3.0,,"netflix, streaming",https://letterboxd.com/farbeach/film/always-be-my-maybe-2019/
2020-02-15,Pocahontas,1995.0,4.0,,"disney plus, streaming",https://letterboxd.com/farbeach/film/pocahontas/
2020-02-18,Parasite,2019.0,5.0,,"finnkino, cinema",https://letterboxd.com/farbeach/film/parasite-2019/
2020-02-20,Push,2019.0,3.0,,"yle areena, streaming, documentary",https://letterboxd.com/farbeach/film/push-2019/
2020-02-23,Miss Americana,2020.0,4.0,,"netflix, streaming",https://letterboxd.com/farbeach/film/miss-americana/
2020-02-24,Ratatouille,2007.0,4.0,,"disney plus, streaming",https://letterboxd.com/farbeach/film/ratatouille/
2020-02-25,Dallas Buyers Club,2013.0,4.0,,"netflix, streaming",https://letterboxd.com/farbeach/film/dallas-buyers-club/
2020-02-26,Rocketman,2019.0,3.0,,blu-ray,https://letterboxd.com/farbeach/film/rocketman-2019/
2020-03-01,Aladdin,1992.0,5.0,,"disney plus, streaming",https://letterboxd.com/farbeach/film/aladdin/
2020-03-08,The Cat Returns,2002.0,3.0,,"netflix, streaming",https://letterboxd.com/farbeach/film/the-cat-returns/
2020-03-25,Sing,2016.0,3.0,,"vudu, streaming",https://letterboxd.com/farbeach/film/sing-2016/
2020-03-25,The Angry Birds Movie 2,2019.0,3.0,,"netflix, streaming",https://letterboxd.com/farbeach/film/the-angry-birds-movie-2/
2020-04-10,Animal Farm,1954.0,3.0,,"yle areena, streaming",https://letterboxd.com/farbeach/film/animal-farm/
2020-04-12,Quest for a Heart,2007.0,4.0,,"yle areena, streaming",https://letterboxd.com/farbeach/film/quest-for-a-heart/
2020-04-16,Uncut Gems,2019.0,3.0,,"netflix, streaming",https://letterboxd.com/farbeach/film/uncut-gems/
2020-04-16,Tough Guy: The Bob Probert Story,2018.0,3.0,,"yle areena, streaming",https://letterboxd.com/farbeach/film/tough-guy-the-bob-probert-story/
2020-04-19,Making Unorthodox,2020.0,3.0,,"netflix, streaming, documentary",https://letterboxd.com/farbeach/film/making-unorthodox/
2020-04-21,Les Misérables,2019.0,5.0,,"amazon, streaming",https://letterboxd.com/farbeach/film/les-miserables-2019/
2020-04-27,The Border Fence,2018.0,4.0,,"streaming, mubi, documentary",https://letterboxd.com/farbeach/film/the-border-fence/
2020-04-29,One Cut of the Dead,2017.0,5.0,,"mubi, streaming",https://letterboxd.com/farbeach/film/one-cut-of-the-dead/
2020-04-29,Spring Breakers,2012.0,3.0,,"netflix, streaming",https://letterboxd.com/farbeach/film/spring-breakers/
2020-05-02,The Conversation,1974.0,4.0,,"yle areena, streaming",https://letterboxd.com/farbeach/film/the-conversation/
2020-05-03,Making Waves: The Art of Cinematic Sound,2019.0,4.0,,"yle areena, streaming",https://letterboxd.com/farbeach/film/making-waves-the-art-of-cinematic-sound/
2020-05-03,Leftover Women,2019.0,3.0,,"yle areena, streaming, documentary",https://letterboxd.com/farbeach/film/leftover-women/
2020-05-04,Making Coco: The Grant Fuhr Story,2018.0,2.0,,"yle areena, streaming, documentary",https://letterboxd.com/farbeach/film/making-coco-the-grant-fuhr-story/
2020-05-05,The Discreet Charm of the Bourgeoisie,1972.0,2.0,,"amazon, streaming",https://letterboxd.com/farbeach/film/the-discreet-charm-of-the-bourgeoisie/
2020-05-06,The Biggest Little Farm,2018.0,5.0,,"yle areena, streaming",https://letterboxd.com/farbeach/film/the-biggest-little-farm/
2020-05-08,Jerry Seinfeld: 23 Hours To Kill,2020.0,4.0,,"netflix, streaming",https://letterboxd.com/farbeach/film/jerry-seinfeld-23-hours-to-kill/
2020-05-09,Dazed and Confused,1993.0,4.0,,"streaming, netflix",https://letterboxd.com/farbeach/film/dazed-and-confused/
2020-05-10,Southland Tales,2006.0,2.0,,"mubi, streaming",https://letterboxd.com/farbeach/film/southland-tales/
2020-05-14,This Magnificent Cake!,2018.0,3.0,,"mubi, streaming",https://letterboxd.com/farbeach/film/this-magnificent-cake/
2020-05-20,Rambo: Last Blood,2019.0,3.0,,"amazon, streaming",https://letterboxd.com/farbeach/film/rambo-last-blood/
2020-05-30,The Square,2017.0,4.0,,"yle areena, streaming",https://letterboxd.com/farbeach/film/the-square-2017/
2020-06-02,The Player,1992.0,4.0,,"yle areena, streaming",https://letterboxd.com/farbeach/film/the-player/
2020-06-06,Frozen II,2019.0,3.0,,"disney plus, streaming",https://letterboxd.com/farbeach/film/frozen-ii/1/
2020-06-07,Midway,2019.0,3.0,,blu-ray,https://letterboxd.com/farbeach/film/midway-2019/
2020-06-30,Boogie Nights,1997.0,5.0,,"kino regina, cinema",https://letterboxd.com/farbeach/film/boogie-nights/
2020-07-02,My Spy,2020.0,3.0,,"netflix, streaming",https://letterboxd.com/farbeach/film/my-spy-2020/
2020-07-07,Eurovision Song Contest: The Story of Fire Saga,2020.0,3.0,,"netflix, streaming",https://letterboxd.com/farbeach/film/eurovision-song-contest-the-story-of-fire-saga/
2020-07-08,The Dictator,2012.0,4.0,,"netflix, streaming",https://letterboxd.com/farbeach/film/the-dictator-2012/
2020-07-09,Hamilton,2020.0,5.0,,"disney plus, streaming",https://letterboxd.com/farbeach/film/hamilton-2020/
2020-07-13,The Overnight,2015.0,3.0,,"streaming, amazon",https://letterboxd.com/farbeach/film/the-overnight/
2020-07-14,Honey Boy,2019.0,4.0,,"amazon, streaming",https://letterboxd.com/farbeach/film/honey-boy/
2020-08-08,The Company Men,2010.0,3.0,,"amazon, streaming",https://letterboxd.com/farbeach/film/the-company-men/
2020-09-04,Monsters University,2013.0,3.0,,"disney plus, streaming",https://letterboxd.com/farbeach/film/monsters-university/
2020-09-05,In the Heat of the Night,1967.0,4.0,,"amazon, streaming",https://letterboxd.com/farbeach/film/in-the-heat-of-the-night/
2020-09-10,The Social Dilemma,2020.0,4.0,,"netflix, streaming",https://letterboxd.com/farbeach/film/the-social-dilemma/
2020-09-18,Star Wars: The Force Awakens,2015.0,4.0,,"disney plus, streaming",https://letterboxd.com/farbeach/film/star-wars-the-force-awakens/1/
2020-09-19,Star Wars: The Last Jedi,2017.0,3.0,,"disney plus, streaming",https://letterboxd.com/farbeach/film/star-wars-the-last-jedi/
2020-09-20,Star Wars: The Rise of Skywalker,2019.0,4.0,,"disney plus, streaming",https://letterboxd.com/farbeach/film/star-wars-the-rise-of-skywalker/1/
2020-09-24,Star Wars,1977.0,4.0,,"streaming, disney plus",https://letterboxd.com/farbeach/film/star-wars/
2020-09-25,Molly's Game,2017.0,4.0,,"netflix, streaming",https://letterboxd.com/farbeach/film/mollys-game/
2020-09-26,The Boy Who Harnessed the Wind,2019.0,3.0,,"netflix, streaming",https://letterboxd.com/farbeach/film/the-boy-who-harnessed-the-wind/
2020-09-28,Fahrenheit 11/9,2018.0,4.0,,"amazon, streaming",https://letterboxd.com/farbeach/film/fahrenheit-11-9/
2020-09-28,La Dolce Vita,1960.0,3.0,,"mubi, streaming",https://letterboxd.com/farbeach/film/la-dolce-vita/
2020-10-07,David Attenborough: A Life on Our Planet,2020.0,3.0,,"netflix, streaming",https://letterboxd.com/farbeach/film/david-attenborough-a-life-on-our-planet/
2020-10-10,The Willoughbys,2020.0,4.0,,"netflix, streaming",https://letterboxd.com/farbeach/film/the-willoughbys/
2020-10-10,"Lock, Stock and Two Smoking Barrels",1998.0,4.0,,"netflix, streaming",https://letterboxd.com/farbeach/film/lock-stock-and-two-smoking-barrels/
2020-10-10,Despicable Me 2,2013.0,3.0,,"netflix, streaming",https://letterboxd.com/farbeach/film/despicable-me-2/
2020-10-11,Eighth Grade,2018.0,4.0,,"amazon, streaming",https://letterboxd.com/farbeach/film/eighth-grade/
2020-10-13,The Two Popes,2019.0,3.0,,"netflix, streaming",https://boxd.it/1p3yMx
2020-10-14,The Ides of March,2011.0,3.0,,"streaming, amazon",https://boxd.it/1p8Y5p
2020-10-17,Thunder Road,2018.0,3.0,,"amazon, streaming",https://boxd.it/1prSPp
2020-10-26,Moneyball,2011.0,4.0,,"netflix, streaming",https://boxd.it/1rbN1b
2020-10-29,The Founder,2016.0,3.0,,"amazon, streaming",https://boxd.it/1rCrKd
2020-10-31,The Breaker Upperers,2018.0,3.0,,"netflix, streaming",https://boxd.it/1rbNfH
2020-11-01,Tenet,2020.0,4.0,,cinema,https://boxd.it/1rff0L
2020-11-03,Profit Motive and the Whispering Wind,2007.0,4.0,,"mubi, streaming",https://boxd.it/1rtmEV
2020-11-06,Aurora,2018.0,4.0,,"mubi, streaming",https://boxd.it/1rJjzF
2020-11-10,RBG,2018.0,4.0,,"yle areena, streaming",https://boxd.it/1s8bUl
2020-11-13,Killing Them Softly,2012.0,3.0,,"yle areena, streaming",https://boxd.it/1spGMB
2020-11-26,Akira,1988.0,3.0,,cinema,https://boxd.it/1tPniN
2020-11-30,The Trial of the Chicago 7,2020.0,4.0,,"netflix, streaming",https://letterboxd.com/farbeach/film/the-trial-of-the-chicago-7/
2020-12-02,Nimic,2019.0,4.0,,"mubi, streaming",https://boxd.it/1umS5V
2020-12-03,Red Penguins,2019.0,4.0,,"yle areena, streaming",https://letterboxd.com/farbeach/film/red-penguins/
2020-12-05,The China Hustle,2017.0,4.0,,"netflix, streaming",https://letterboxd.com/farbeach/film/the-china-hustle/
2020-12-08,El Topo,1970.0,2.0,,"yle areena, streaming",https://letterboxd.com/farbeach/film/el-topo/
2020-12-12,John Wick: Chapter 2,2017.0,4.0,,"netflix, streaming",https://letterboxd.com/farbeach/film/john-wick-chapter-2/
2020-12-13,Other Music,2019.0,4.0,,"amazon, streaming",https://letterboxd.com/farbeach/film/other-music/
2020-12-19,"Stay Awake, Be Ready",2019.0,4.0,,"short film, mubi, streaming",https://letterboxd.com/farbeach/film/stay-awake-be-ready/
2020-12-19,The Half of It,2020.0,5.0,,"netflix, streaming",https://letterboxd.com/farbeach/film/the-half-of-it/
2020-12-22,The Russian Five,2018.0,4.0,,"yle areena, streaming",https://letterboxd.com/farbeach/film/the-russian-five/
2021-01-03,Incendies,2010.0,5.0,,"mubi, streaming",https://letterboxd.com/farbeach/film/incendies/
2021-01-03,Soul,2020.0,4.0,,"disney plus, streaming",https://letterboxd.com/farbeach/film/soul-2020/
2021-01-10,Beats,2019.0,3.0,,"mubi, streaming",https://letterboxd.com/farbeach/film/beats-2019/
2021-01-11,Mangrove,2020.0,4.0,,"amazon, streaming",https://letterboxd.com/farbeach/film/mangrove-2020/
2021-01-13,Stupid Young Heart,2018.0,4.0,,"yle areena, streaming",https://letterboxd.com/farbeach/film/stupid-young-heart/
2021-01-13,Master Cheng,2019.0,3.0,,"yle areena, streaming",https://letterboxd.com/farbeach/film/master-cheng/
2021-01-29,Master and Commander: The Far Side of the World,2003.0,4.0,,"yle areena, streaming",https://letterboxd.com/farbeach/film/master-and-commander-the-far-side-of-the-world/
2021-02-27,"I Love You, Beth Cooper",2009.0,3.0,,"disney plus, streaming",https://letterboxd.com/farbeach/film/i-love-you-beth-cooper/
2021-03-29,The King of Comedy,1982.0,4.0,,"streaming, mubi",https://letterboxd.com/farbeach/film/the-king-of-comedy/
2021-04-15,Chungking Express,1994.0,4.0,,"mubi, streaming",https://letterboxd.com/farbeach/film/chungking-express/
2021-04-18,The Wounded Angel,2016.0,4.0,,"mubi, streaming",https://letterboxd.com/farbeach/film/the-wounded-angel/
2021-04-30,Sound of Metal,2019.0,4.0,,"amazon, streaming",https://letterboxd.com/farbeach/film/sound-of-metal/
2021-05-08,One Night in Miami...,2020.0,4.0,,"amazon, streaming",https://letterboxd.com/farbeach/film/one-night-in-miami/
2021-07-16,Hudson Hawk,1991.0,2.0,,tv,https://letterboxd.com/farbeach/film/hudson-hawk/
2021-07-17,Promising Young Woman,2020.0,4.0,,cinema,https://letterboxd.com/farbeach/film/promising-young-woman/
2021-07-24,Air America,1990.0,3.0,,tv,https://letterboxd.com/farbeach/film/air-america/
2021-08-03,Rudy,1993.0,4.0,,"netflix, streaming",https://letterboxd.com/farbeach/film/rudy/
2021-08-08,Space Jam: A New Legacy,2021.0,2.0,,cinema,https://letterboxd.com/farbeach/film/space-jam-a-new-legacy/
2021-08-13,Spirit: Stallion of the Cimarron,2002.0,4.0,,"netflix, streaming",https://letterboxd.com/farbeach/film/spirit-stallion-of-the-cimarron/
2021-09-02,I Am Cuba,1964.0,4.0,,"mubi, streaming",https://letterboxd.com/farbeach/film/i-am-cuba/
2021-09-12,Shang-Chi and the Legend of the Ten Rings,2021.0,3.0,,cinema,https://letterboxd.com/farbeach/film/shang-chi-and-the-legend-of-the-ten-rings/
2021-09-18,Gunpowder Milkshake,2021.0,2.0,,"streaming, netflix",https://letterboxd.com/farbeach/film/gunpowder-milkshake/
2021-09-19,Penguins of Madagascar,2014.0,4.0,,"netflix, streaming",https://letterboxd.com/farbeach/film/penguins-of-madagascar-2014/
2021-09-19,Despicable Me,2010.0,4.0,,"streaming, netflix",https://letterboxd.com/farbeach/film/despicable-me/
2021-09-20,Compartment No. 6,2021.0,4.0,,"cinema, film festival, r&a festival",https://letterboxd.com/farbeach/film/compartment-no-6/
2021-09-26,Nomadland,2020.0,5.0,,"disney plus, streaming",https://letterboxd.com/farbeach/film/nomadland/
2021-10-08,No Time to Die,2021.0,4.0,,cinema,https://letterboxd.com/farbeach/film/no-time-to-die-2021/
2021-10-16,Vacation Friends,2021.0,3.0,,,https://letterboxd.com/farbeach/film/vacation-friends/
2021-11-19,The French Dispatch,2021.0,3.0,,cinema,https://letterboxd.com/farbeach/film/the-french-dispatch/
2021-11-20,Ip Man,2008.0,3.0,,"netflix, streaming",https://letterboxd.com/farbeach/film/ip-man/
2021-11-26,Dune,2021.0,3.0,,"streaming, hbo max",https://letterboxd.com/farbeach/film/dune-2021/
2021-12-11,Arrival,2016.0,4.0,,tv,https://letterboxd.com/farbeach/film/arrival-2016/
2021-12-15,The Mitchells vs. The Machines,2021.0,4.0,,"netflix, streaming",https://letterboxd.com/farbeach/film/the-mitchells-vs-the-machines/
2021-12-18,Any Day Now,2020.0,4.0,,"yle areena, streaming",https://letterboxd.com/farbeach/film/any-day-now-2020/
2021-12-26,Klaus,2019.0,3.0,,"netflix, streaming",https://letterboxd.com/farbeach/film/klaus/
2021-12-30,Voyage of Time: Life's Journey,2016.0,3.0,,"mubi, streaming",https://letterboxd.com/farbeach/film/voyage-of-time-lifes-journey/
2022-01-01,The Christmas Chronicles,2018.0,4.0,,"netflix, streaming",https://letterboxd.com/farbeach/film/the-christmas-chronicles/
2022-01-07,Don't Look Up,2021.0,3.0,,"netflix, streaming",https://letterboxd.com/farbeach/film/dont-look-up-2021/
2022-01-18,Spider-Man: No Way Home,2021.0,3.0,,"cinema, finnkino, imax",https://letterboxd.com/farbeach/film/spider-man-no-way-home/
2022-01-21,The Beatles: Get Back,2021.0,4.0,,"disney plus, streaming",https://letterboxd.com/farbeach/film/the-beatles-get-back/
2022-02-04,Harry Potter and the Philosopher's Stone,2001.0,3.0,,"hbo max, streaming",https://letterboxd.com/farbeach/film/harry-potter-and-the-philosophers-stone/
2022-02-05,PlayTime,1967.0,3.0,,"mubi, streaming",https://letterboxd.com/farbeach/film/playtime/
2022-02-13,The Matrix Resurrections,2021.0,3.0,,"hbo max, streaming",https://letterboxd.com/farbeach/film/the-matrix-resurrections/
2022-02-19,Harry Potter and the Chamber of Secrets,2002.0,3.0,,"hbo max, streaming",https://letterboxd.com/farbeach/film/harry-potter-and-the-chamber-of-secrets/
2022-02-19,Sing 2,2021.0,4.0,,"finnkino, cinema",https://letterboxd.com/farbeach/film/sing-2/
2022-02-26,Harry Potter and the Prisoner of Azkaban,2004.0,4.0,,"hbo max, streaming",https://letterboxd.com/farbeach/film/harry-potter-and-the-prisoner-of-azkaban/
2022-03-31,Death on the Nile,2022.0,3.0,,"cinema, riviera",https://letterboxd.com/farbeach/film/death-on-the-nile-2022/
2022-04-02,Belfast,2021.0,5.0,,"kino engel, cinema",https://letterboxd.com/farbeach/film/belfast/
2022-04-24,Avengers: Age of Ultron,2015.0,3.0,,"disney plus, streaming",https://letterboxd.com/farbeach/film/avengers-age-of-ultron/
2022-04-25,21,2008.0,3.0,,"netflix, streaming",https://letterboxd.com/farbeach/film/21/
2022-04-30,Harry Potter and the Order of the Phoenix,2007.0,3.0,,"hbo max, streaming",https://letterboxd.com/farbeach/film/harry-potter-and-the-order-of-the-phoenix/
2022-05-17,Harry Potter and the Half-Blood Prince,2009.0,3.0,,"hbo max, streaming",https://letterboxd.com/farbeach/film/harry-potter-and-the-half-blood-prince/
2022-05-18,Harry Potter and the Deathly Hallows: Part 1,2010.0,3.0,,"hbo max, streaming",https://letterboxd.com/farbeach/film/harry-potter-and-the-deathly-hallows-part-1/
2022-05-18,Harry Potter and the Deathly Hallows: Part 2,2011.0,4.0,,"hbo max, streaming",https://letterboxd.com/farbeach/film/harry-potter-and-the-deathly-hallows-part-2/
2022-05-22,Wonder Woman 1984,2020.0,4.0,,"hbo max, streaming",https://letterboxd.com/farbeach/film/wonder-woman-1984/
2022-06-02,Top Gun: Maverick,2022.0,4.0,,cinema,https://letterboxd.com/farbeach/film/top-gun-maverick/
2022-06-09,Top Gun,1986.0,4.0,,,https://letterboxd.com/farbeach/film/top-gun/
2022-06-11,Hustle,2022.0,3.0,,"netflix, streaming",https://letterboxd.com/farbeach/film/hustle-2022/
2022-06-20,Fantastic Beasts: The Secrets of Dumbledore,2022.0,2.0,,"hbo max, streaming",https://letterboxd.com/farbeach/film/fantastic-beasts-the-secrets-of-dumbledore/
2022-07-24,The Good Boss,2021.0,4.0,,cinema,https://letterboxd.com/farbeach/film/the-good-boss/
2022-07-25,Everything Everywhere All at Once,2022.0,4.0,,cinema,https://letterboxd.com/farbeach/film/everything-everywhere-all-at-once/
2022-07-29,DC League of Super-Pets,2022.0,2.0,,cinema,https://letterboxd.com/farbeach/film/dc-league-of-super-pets/
2022-08-31,Official Competition,2021.0,4.0,,"cinema, espoo ciné",https://letterboxd.com/farbeach/film/official-competition/
2022-10-15,Encanto,2021.0,3.0,,"disney plus, streaming",https://letterboxd.com/farbeach/film/encanto/
2022-10-16,Luca,2021.0,3.0,,"disney plus, streaming",https://letterboxd.com/farbeach/film/luca-2021/
2022-11-12,Oblivion,2013.0,4.0,,"streaming, SkyShowtime",https://letterboxd.com/farbeach/film/oblivion-2013/
2022-11-27,The Estate,2022.0,2.0,,streaming,https://letterboxd.com/farbeach/film/the-estate-2022/
2023-01-08,Glass Onion: A Knives Out Mystery,2022.0,4.0,,"streaming, netflix",https://letterboxd.com/farbeach/film/glass-onion-a-knives-out-mystery/
2023-01-11,Only Lovers Left Alive,2013.0,5.0,,"mubi, streaming",https://letterboxd.com/farbeach/film/only-lovers-left-alive/
2023-01-28,Chicago,2002.0,4.0,,"hbo max, streaming",https://letterboxd.com/farbeach/film/chicago/
2023-01-30,Navalny,2022.0,4.0,,"streaming, hbo max",https://letterboxd.com/farbeach/film/navalny/
2023-02-05,In the Mood for Love,2000.0,4.0,,"mubi, streaming",https://letterboxd.com/farbeach/film/in-the-mood-for-love/
2023-04-05,Jack Ryan: Shadow Recruit,2014.0,3.0,,"streaming, hbo max",https://letterboxd.com/farbeach/film/jack-ryan-shadow-recruit/1/
2023-04-15,John Wick: Chapter 4,2023.0,3.0,,cinema,https://letterboxd.com/farbeach/film/john-wick-chapter-4/
2023-04-23,Stranger Than Paradise,1984.0,3.0,,"mubi, streaming",https://letterboxd.com/farbeach/film/stranger-than-paradise/
2023-05-10,Guardians of the Galaxy Vol. 3,2023.0,4.0,,cinema,https://letterboxd.com/farbeach/film/guardians-of-the-galaxy-vol-3/
2023-05-20,The Tinder Swindler,2022.0,4.0,,"netflix, streaming",https://letterboxd.com/farbeach/film/the-tinder-swindler/
2023-06-09,Asteroid City,2023.0,4.0,,cinema,https://letterboxd.com/farbeach/film/asteroid-city/
2023-08-12,Teenage Mutant Ninja Turtles: Mutant Mayhem,2023.0,3.0,,cinema,https://letterboxd.com/farbeach/film/teenage-mutant-ninja-turtles-mutant-mayhem/
2023-08-20,Red Notice,2021.0,3.0,,"netflix, streaming",https://letterboxd.com/farbeach/film/red-notice/
2023-08-25,Fallen Angels,1995.0,4.0,,"mubi, streaming",https://letterboxd.com/farbeach/film/fallen-angels/
2023-11-18,The Lost City,2022.0,4.0,,"streaming, netflix",https://letterboxd.com/farbeach/film/the-lost-city-2022/
2023-11-24,Napoleon,2023.0,3.0,,cinema,https://letterboxd.com/farbeach/film/napoleon-2023/
2023-11-26,Pinocchio,2022.0,2.0,,"disney plus, streaming",https://letterboxd.com/farbeach/film/pinocchio-2022/
2023-12-17,Fallen Leaves,2023.0,4.0,,"finnkino, cinema",https://letterboxd.com/farbeach/film/fallen-leaves-2023/
2023-12-19,Tokyo Story,1953.0,4.0,,"finnkino, cinema",https://letterboxd.com/farbeach/film/tokyo-story/
2023-12-29,The Boy and the Heron,2023.0,4.0,,cinema,https://letterboxd.com/farbeach/film/the-boy-and-the-heron/
2024-01-05,Maestro,2023.0,3.0,,"netflix, streaming",https://letterboxd.com/farbeach/film/maestro-2023/
2024-01-14,Peter Pan,1953.0,2.0,,cinema,https://letterboxd.com/farbeach/film/peter-pan/
2024-01-19,Poor Things,2023.0,4.0,,cinema,https://letterboxd.com/farbeach/film/poor-things-2023/
2024-01-21,Home,2015.0,3.0,,"netflix, streaming",https://letterboxd.com/farbeach/film/home-2015/
2024-01-23,The Rat Catcher,2023.0,3.0,,"netflix, streaming",https://letterboxd.com/farbeach/film/the-rat-catcher-2023/
2024-01-25,Poison,2023.0,4.0,,"netflix, streaming",https://letterboxd.com/farbeach/film/poison-2023/
2024-01-26,The Swan,2023.0,3.0,,"netflix, streaming",https://letterboxd.com/farbeach/film/the-swan-2023/
2024-01-27,The Peanut Butter Falcon,2019.0,4.0,,"yle areena, streaming",https://letterboxd.com/farbeach/film/the-peanut-butter-falcon/
2024-01-28,Wish,2023.0,4.0,,cinema,https://letterboxd.com/farbeach/film/wish-2023/
2024-01-29,Silver Linings Playbook,2012.0,4.0,,"yle areena, streaming",https://letterboxd.com/farbeach/film/silver-linings-playbook/
2024-01-30,Bullet Train,2022.0,3.0,,"netflix, streaming",https://letterboxd.com/farbeach/film/bullet-train/
2024-02-01,Try Harder!,2021.0,3.0,,"yle areena, streaming",https://letterboxd.com/farbeach/film/try-harder-2021/
2024-03-09,"Dune: Part Two, 2024 - ★★★★",2024,4.0,No,,https://letterboxd.com/farbeach/film/dune-part-two/
2024-03-09,Dune,2021.0,4.0,,"streaming, hbo max",https://letterboxd.com/farbeach/film/dune-2021/1/
2024-03-30,"Point Break, 1991 - ★★★",1991,3.0,No,,https://letterboxd.com/farbeach/film/point-break/
2024-05-24,"Furiosa: A Mad Max Saga, 2024 - ★★★★",2024,4.0,No,,https://letterboxd.com/farbeach/film/furiosa-a-mad-max-saga/
2024-06-08,"Tenet, 2020 - ★★★★",2020,4.0,Yes,,https://letterboxd.com/farbeach/film/tenet/1/
2024-06-30,"Barbie, 2023 - ★★★",2023,3.0,No,,https://letterboxd.com/farbeach/film/barbie/
2024-07-04,"Despicable Me 4, 2024 - ★★★",2024,3.0,No,,https://letterboxd.com/farbeach/film/despicable-me-4/
2024-07-05,"Perfect Days, 2023 - ★★★★",2023,4.0,No,,https://letterboxd.com/farbeach/film/perfect-days-2023/
2024-07-17,"Inside Out 2, 2024 - ★★★★",2024,4.0,No,,https://letterboxd.com/farbeach/film/inside-out-2-2024/
2024-08-23,"Leo, 2023 - ★★★★",2023,4.0,No,,https://letterboxd.com/farbeach/film/leo-2023/
2024-08-24,"Dirty Harry, 1971 - ★★★★",1971,4.0,No,,https://letterboxd.com/farbeach/film/dirty-harry/
2024-09-22,"Man of Steel, 2013 - ★★★",2013,3.0,No,,https://letterboxd.com/farbeach/film/man-of-steel/
2024-09-29,"Despicable Me 4, 2024 - ★★★",2024,3.0,Yes,,https://letterboxd.com/farbeach/film/despicable-me-4/1/
2024-10-05,"The King's Man, 2021 - ★★",2021,2.0,No,,https://letterboxd.com/farbeach/film/the-kings-man/
2024-10-19,"Joker: Folie à Deux, 2024 - ★★★",2024,3.0,No,,https://letterboxd.com/farbeach/film/joker-folie-a-deux/
2024-10-20,"Niko: Beyond the Northern Lights, 2024 - ★★",2024,2.0,No,,https://letterboxd.com/farbeach/film/niko-beyond-the-northern-lights/
2024-11-02,"Beetlejuice, 1988 - ★★★",1988,3.0,No,,https://letterboxd.com/farbeach/film/beetlejuice/
2024-11-19,"Driving Madeleine, 2022 - ★★★★",2022,4.0,No,,https://letterboxd.com/farbeach/film/driving-madeleine/
2024-11-30,"Anora, 2024 - ★★★",2024,3.0,No,,https://letterboxd.com/farbeach/film/anora/
2024-12-14,"Kingsman: The Secret Service, 2014 - ★★★",2014,3.0,No,,https://letterboxd.com/farbeach/film/kingsman-the-secret-service/
2024-12-15,"Family Switch, 2023 - ★★",2023,2.0,No,,https://letterboxd.com/farbeach/film/family-switch/
2025-02-01,"Nosferatu, 2024 - ★★★",2024,3.0,No,,https://letterboxd.com/farbeach/film/nosferatu-2024/
2025-03-05,"Spider-Man: Into the Spider-Verse, 2018 - ★★★★",2018,4.0,Yes,,https://letterboxd.com/farbeach/film/spider-man-into-the-spider-verse/1/
2025-04-04,"Spellbound, 2024 - ★★",2024,2.0,No,,https://letterboxd.com/farbeach/film/spellbound-2024/
2025-04-05,"A Minecraft Movie, 2025 - ★★",2025,2.0,No,,https://letterboxd.com/farbeach/film/a-minecraft-movie/
2025-04-12,"100 Liters of Gold, 2024 - ★★★",2024,3.0,No,,https://letterboxd.com/farbeach/film/100-liters-of-gold/
2025-07-04,"Thunder Road, 2018 - ★★★",2018,3.0,Yes,,https://letterboxd.com/farbeach/film/thunder-road-2018/1/
2025-07-17,"Reality, 2023 - ★★★★",2023,4.0,No,,https://letterboxd.com/farbeach/film/reality-2023/
2025-07-28,"The Phoenician Scheme, 2025 - ★★★★",2025,4.0,No,,https://letterboxd.com/farbeach/film/the-phoenician-scheme/
2025-07-30,"Superman, 2025 - ★★★",2025,3.0,No,,https://letterboxd.com/farbeach/film/superman-2025/
2025-09-29,"Caught Stealing, 2025 - ★★★",2025,3.0,No,,https://letterboxd.com/farbeach/film/caught-stealing/
2025-10-04,"Code 3, 2025 - ★★★",2025,3.0,No,,https://letterboxd.com/farbeach/film/code-3/
2025-10-10,"Eddington, 2025 - ★★★★",2025,4.0,No,,https://letterboxd.com/farbeach/film/eddington/
2025-11-10,Frankenstein,2025.0,3.0,,,https://letterboxd.com/farbeach/film/frankenstein-2025/
2025-11-11,"Frankenstein, 2025 - ★★",2025,2.0,Yes,,https://letterboxd.com/farbeach/film/frankenstein-2025/1/
2026-01-03,"No Other Choice, 2025 - ★★★★",2025,4.0,No,,https://letterboxd.com/farbeach/film/no-other-choice-2025/
2026-01-06,"Zootopia 2, 2025 - ★★★",2025,3.0,No,,https://letterboxd.com/farbeach/film/zootopia-2/
2026-02-09,"Marty Supreme, 2025 - ★★★",2025,3.0,No,,https://letterboxd.com/farbeach/film/marty-supreme/
2026-02-22,"GOAT, 2026 - ★★★★½",2026,4.5,No,,https://letterboxd.com/farbeach/film/goat-2026/
2026-02-27,"WALL·E, 2008 - ★★★★",2008,4.0,No,,https://letterboxd.com/farbeach/film/walle/
2026-02-27,"Nouvelle Vague, 2025 - ★★★★",2025,4.0,No,,https://letterboxd.com/farbeach/film/nouvelle-vague-2025/
2026-03-28,"Project Hail Mary, 2026 - ★★★★",2026,4.0,No,,https://letterboxd.com/farbeach/film/project-hail-mary/
2026-03-29,"The Testament of Ann Lee, 2025 - ★★★★",2025,4.0,No,,https://letterboxd.com/farbeach/film/the-testament-of-ann-lee/
2026-03-31,"I Swear, 2025 - ★★★★",2025,4.0,No,,https://letterboxd.com/farbeach/film/i-swear/
2026-04-10,"Hara-Kiri: Death of a Samurai, 2011 - ★★★",2011,3.0,No,,https://letterboxd.com/farbeach/film/hara-kiri-death-of-a-samurai/
2026-06-04,"The Super Mario Galaxy Movie, 2026 - ★★★",2026,3.0,No,,https://letterboxd.com/farbeach/film/the-super-mario-galaxy-movie/
2026-06-04,"Nimona, 2023 - ★★★★",2023,4.0,No,,https://letterboxd.com/farbeach/film/nimona-2023/
2026-07-06,"Millennium Actress, 2001 - ★★★★",2001,4.0,No,,https://letterboxd.com/farbeach/film/millennium-actress/
2026-07-23,"Minions & Monsters, 2026 - ★★★",2026,3.0,No,,https://letterboxd.com/farbeach/film/minions-monsters-2026/
2026-07-29,"The Odyssey, 2026 - ★★★★★",2026,5.0,No,,https://letterboxd.com/farbeach/film/the-odyssey-2026/
2026-08-22,"The Furious, 2025 - ★★★",2025,3.0,No,,https://letterboxd.com/farbeach/film/the-furious/
2026-09-01,"The Ice Tower, 2025 - ★★★",2025,3.0,No,,https://letterboxd.com/farbeach/film/the-ice-tower/
