Title,Authors,Contributors,ISBN/UID,Format,Read Status,Date Added,Last Date Read,Dates Read,Read Count,Moods,Pace,Character- or Plot-Driven?,Strong Character Development?,Loveable Characters?,Diverse Characters?,Flawed Characters?,Star Rating,Review,Content Warnings,Content Warning Description,Tags,Owned?
Free Culture: The Nature and Future of Creativity,Lawrence Lessig,"",9780143034650,paperback,to-read,2019/04/25,"","",0,"",,,,,,,,,"",,"",No
The Wise Man's Fear,Patrick Rothfuss,"",9780756404734,hardcover,to-read,2020/01/02,"","",0,"",,,,,,,,,"",,"",No
The Filter Bubble: What the Internet is Hiding From You,Eli Pariser,"",9781594203008,hardcover,to-read,2019/04/12,"","",0,"",,,,,,,,,"",,"",No
Nomadland: Surviving America in the Twenty-First Century,Jessica Bruder,Nathalie Peronny (Translator),9780393249323,digital,read,2021/09/02,"","",1,"",,,,,,,4.0,,"",,"",No
The Names,Florence Knapp,Dervla Kirwan (Narrator),9780593833902,hardcover,to-read,2025/07/10,"","",0,"",,,,,,,,,"",,"",No
Muumilaakson marraskuu,Tove Jansson,Kaarina Helakisa (Translator),9789510195741,hardcover,currently-reading,2021/01/24,"","",0,"",,,,,,,,,"",,"",No
On Bullshit,Harry G. Frankfurt,"",9780691122946,hardcover,read,2026/05/07,2026/05/07,2026/05/07,1,"",,,,,,,,,"",,"",No
"Right Ho, Jeeves",P.G. Wodehouse,"",9780393339789,paperback,read,2019/04/21,"","",1,"",,,,,,,4.0,,"",,"",No
"Haru, eräs saari","Tuulikki Pietilä, Tove Jansson",Liisa Ryömä (Translator),9510213144,hardcover,to-read,2020/03/22,"","",0,"",,,,,,,,,"",,"",No
Prince Caspian,C.S. Lewis,"",9780007202300,hardcover,read,2019/04/25,"","",1,"",,,,,,,,,"",,"",No
Miehen kuolema: Pohdintoja maskuliinisuudesta,Juhani Brander,"",9789510446287,hardcover,read,2021/06/29,2021/11/29,2021/11/29,1,"",,,,,,,,,"",,"",No
Mission Economy: A Moonshot Guide to Changing Capitalism,Mariana Mazzucato,"",9780241435311,paperback,read,2023/06/05,2023/06/05,2023/06/05,1,"",,,,,,,,,"",,"",No
Willie: The Game-Changing Story of the NHL's First Black Player,"Willie O'Ree, Michael McKinley","",9780735239746,hardcover,read,2021/04/07,2021/06/15,2021/06/15,1,"",,,,,,,,,"",,"",No
All Systems Red,Martha Wells,"",9780765397522,digital,read,2024/04/07,2024/04/07,2024/04/07,1,funny,fast,"","","","","",4.5,"<div>Light scifi, funny, I want to listen to the whole series.&nbsp;</div>","","","",No
Malman asema,Alex Schulman,Jaana Nikula (Translator),9789511436621,hardcover,read,2023/12/04,2023/12/04,2023/12/04,1,"",,,,,,,,,"",,"",No
The Restaurant at the End of the Universe,Douglas Adams,"","",hardcover,read,2019/04/25,"","",1,"",,,,,,,4.0,,"",,"",No
The Anxious Generation: How The Great Rewiring of Childhood is Causing an Epidemic of Mental Illness,Jonathan Haidt,"",9780593655030,hardcover,read,2024/05/16,2024/05/26,2024/05/16-2024/05/26,1,informative,medium,,,,,,4.0,"<div>maybe a bit repetitive towards the end, but so much information, important for everyone</div>","","","",No
The Three-Body Problem,Cixin Liu,Ken Liu (Translator),9780765377067,hardcover,read,2019/08/31,2020/02/21,2020/02/21,1,"",,,,,,,5.0,I listened to this as an audiobook. At times it was very technical but overall the story was interesting and thought-provoking. Criticism and analysis of our society and humanity through scifi.,"",,"",No
Neulansilmä,Ken Follett,Arto Häilä (Translator),9789510318195,paperback,read,2019/04/25,"","",1,"",,,,,,,,,"",,"",No
The Guns of Navarone,Alistair MacLean,"",9780449214725,paperback,read,2019/04/25,"","",1,"",,,,,,,,,"",,"",No
Anxious People,Fredrik Backman,"Neil Smith (Translator), Marin Ireland (Narrator)",9781797105826,audio,to-read,2020/12/23,"","",0,"",,,,,,,,,"",,"",No
I'm Afraid of Men,Vivek Shraya,"",9780735235939,hardcover,read,2025/07/15,2025/07/15,2025/07/15,1,"",,,,,,,,,"",,"",No
National Security Cinema: The Shocking New Evidence of Government Control in Hollywood,"Tom Secker, Matthew Alford","",,,read,2020/01/02,2021/01/03,2021/01/03,1,"",,,,,,,4.0,,"",,"",No
"Forty Million Dollar Slaves: The Rise, Fall, and Redemption of the Black Athlete",William C. Rhoden,"",9780307353146,paperback,read,2023/07/08,2023/12/21,2023/07/08-2023/12/21,1,informative,slow,,,,,,2.0,"<div>interesting subject and informative, but repetitive</div>","","","",No
The Age of Surveillance Capitalism: The Fight for a Human Future at the New Frontier of Power,Shoshana Zuboff,"",9781610395694,hardcover,to-read,2021/02/24,"","",0,"",,,,,,,,,"",,"",No
I Am Not Your Baby Mother,Candice Brathwaite,"",9781529406276,hardcover,to-read,2021/02/24,"","",0,"",,,,,,,,,"",,"",No
Comedy Sex God,Pete Holmes,"",9780062803993,digital,read,2020/03/03,2020/03/17,2020/03/17,1,"",,,,,,,3.0,,"",,"",No
A Prayer for Owen Meany,John Irving,"",9780552135399,paperback,read,2019/04/25,"","",1,"",,,,,,,,,"",,"",No
"The New Urban Crisis: How Our Cities Are Increasing Inequality, Deepening Segregation, and Failing the Middle Class-And What We Can Do about",Richard Florida,"",9780465079742,hardcover,read,2021/10/25,2021/10/30,2021/10/30,1,"",,,,,,,4.0,,"",,"",No
The BFG,Roald Dahl,Quentin Blake (Illustrator),9780141311371,paperback,read,2019/04/25,"","",1,"",,,,,,,,,"",,"",No
Mielensäpahoittaja,Tuomas Kyrö,"",9789510366264,hardcover,read,2024/05/15,2024/05/15,2024/05/15,1,funny,fast,"","","","","",4.5,<div>Hauska kirja ja nopea lukea</div>,"","","",No
This Is Not Propaganda: Adventures in the War Against Reality,Peter Pomerantsev,"",9781541762114,hardcover,to-read,2020/10/19,"","",0,"",,,,,,,,,"",,"",No
Viikingit tulevat!,Mauri Kunnas,"",,hardcover,read,2019/04/25,"","",1,"",,,,,,,,,"",,"",No
The Hitchhiker's Guide to the Galaxy,Douglas Adams,"",9780307417138,digital,read,2019/04/25,"","",1,"",,,,,,,4.0,,"",,"",No
Death on the Nile,Agatha Christie,"",9780553119220,paperback,read,2019/04/21,"","",1,"",,,,,,,,,"",,"",No
Asymmetry,Lisa Halliday,"",9781501166761,hardcover,to-read,2020/01/04,"","",0,"",,,,,,,,,"",,"",No
The Cider House Rules,John Irving,"",9780786226740,hardcover,read,2019/04/25,"","",1,"",,,,,,,,,"",,"",No
Min kamp 1,Karl Ove Knausgård,"",9788252574586,hardcover,to-read,2021/09/19,"","",0,"",,,,,,,,,"",,"",No
Googled: The End of the World as We Know It,Ken Auletta,"",9781594202353,hardcover,read,2019/04/12,"","",1,"",,,,,,,4.0,,"",,"",No
"Shōgun, Part 2",James Clavell,Axel S. Seeberg,9788240105082,hardcover,read,2024/08/22,2024/09/22,2024/09/22,1,"",,,,,,,,,"",,"",No
Open Book,Jessica Simpson,"",9781094028200,audio,read,2020/09/15,2020/10/07,2020/10/07,1,"",,,,,,,4.0,,"",,"",No
Lellikki,Juliana Hyrri,"",9789510518359,hardcover,read,2026/07/09,2026/07/08,2026/07/08,1,"emotional, reflective",,"","","","","",4.0,"","","","",No
The Antidote: Happiness for People Who Can't Stand Positive Thinking,Oliver Burkeman,"",9781429947602,digital,currently-reading,2026/09/08,"","",0,"",,,,,,,,,"",,"",No
Metsäjätti,Miika Nousiainen,"",9789511255345,hardcover,read,2019/05/18,"","",1,"",,,,,,,3.0,,"",,"",No
Faster Than a Speeding Bullet: The Rise of the Graphic Novel,"Stephen Weiner, Chris Couch, Will Eisner","",,,read,2024/11/29,2024/11/28,2024/11/28,1,"",,,,,,,,,"",,"",No
Marsin sankari,Edgar Rice Burroughs,"","",,read,2019/04/25,"","",1,"",,,,,,,4.0,,"",,"",No
Risto Räppääjä ja väärä Vincent,"Tiina Nopola, Sinikka Nopola",Christel Rönns (Illustrator),9789513196462,hardcover,read,2024/04/02,2024/04/02,2024/04/02,1,"adventurous, funny",fast,"","","","","",4.0,<div>Hauska ja vähän jännittäväkin—aikuisetkaan ei malttaneet lopettaa</div>,"","","",No
Dune,Frank Herbert,"",9780593099322,hardcover,read,2021/02/19,2021/11/08,2021/11/08,1,"",,,,,,,,,"",,"",No
"Move Fast and Break Things: How Facebook, Google, and Amazon Cornered Culture and Undermined Democracy",Jonathan Taplin,"",9780316275774,hardcover,read,2019/04/12,"","",1,"",,,,,,,5.0,,"",,"",No
"Hetki lyö, Risto Räppääjä","Tiina Nopola, Sinikka Nopola","Sami Toivonen (Illustrator), Aino Havukainen (Illustrator)",9789513109950,hardcover,read,2024/04/05,2024/04/05,2024/04/05-2024/04/05,1,"",,,,,,,,,"",,"",No
Santa Claus and His Elves,Mauri Kunnas,"",,,read,2019/04/25,"","",1,"",,,,,,,,,"",,"",No
"All We Can Save: Truth, Courage, and Solutions for the Climate Crisis","Ayana Elizabeth Johnson, Katharine K. Wilkinson","",9780593237069,hardcover,to-read,2021/02/24,"","",0,"",,,,,,,,,"",,"",No
Wolf Hall,Hilary Mantel,"",9780008381691,paperback,to-read,2020/01/04,"","",0,"",,,,,,,,,"",,"",No
I Who Have Never Known Men,Jacqueline Harpman,"Ros Schwartz (Translator), Sophie Mackintosh (Contributor), Peggy Van der Leeuw (Translator)",9781529111798,paperback,read,2026/06/12,2026/06/12,2026/06/12,1,"",,"","","","","",4.0,<div>Fairly short and really good. Does this count as scifi? Dystopian? In any case it is a haunting story. Definitely more atmosphere than plot or character driven.</div>,"","","",No
Luvatun maan lumo,Timo R. Stewart,"",9789523451971,paperback,read,2026/06/26,2026/06/26,2026/06/26-2026/06/26,1,"",,,,,,,3.0,"<div>Mielenkiintoista historiaa, vaikka kirjassa onkin hieman toistoa.</div>","","","",No
Brave New World / Brave New World Revisited,Aldous Huxley,Christopher Hitchens,9780060776091,paperback,read,2019/04/25,"","",1,"",,,,,,,,,"",,"",No
"Hold Tight: Black Masculinity, Millennials & the Meaning of Grime",Jeffrey Boakye,"",9781910312254,paperback,to-read,2021/02/24,"","",0,"",,,,,,,,,"",,"",No
Olette kaikki väärässä,Heikki Pursiainen,"",,,read,2020/01/02,2020/10/22,2020/10/22,1,"",,,,,,,3.0,"puolet oli ihan hyviä tai hauskoja oivalluksia, mutta puolet oli ehkä vaan puolitiehen mietittyjä asioita.","",,"",No
Bertin uudet aivoitukset,"Anders Jacobsson, Sören Olsson","Pirkko Harainen (Translator), Sonja Härdin (Illustrator)",9789511127604,hardcover,read,2019/04/25,"","",1,"",,,,,,,,,"",,"",No
Pantsdrunk: Kalsarikänni: The Finnish Path to Relaxation,Miska Rantanen,"",9780062855893,hardcover,read,2020/05/27,"","",1,"",,,,,,,3.0,,"",,"",No
Herra Hakkaraisen seitsemän ihmettä,"Mauri Kunnas, Tarja Kunnas","",9789511229292,hardcover,read,2019/04/25,"","",1,"",,,,,,,,,"",,"",No
Red Rising,Pierce Brown,"",9780345539786,hardcover,to-read,2020/01/04,"","",0,"",,,,,,,,,"",,"",No
The Woman in Me,Britney Spears,"",9781668009048,hardcover,read,2024/11/06,2024/11/06,2024/11/06,1,"",,,,,,,,,"",,"",No
Say Nothing: A True Story of Murder and Memory in Northern Ireland,Patrick Radden Keefe,"",9780385521314,hardcover,read,2023/09/10,2023/09/10,2023/09/10,1,"",,,,,,,5.0,"","","","",No
Vuosisadan rakkaustarina,Märta Tikkanen,"Henrik Tikkanen (Illustrator), Eila Pennanen (Translator)","",hardcover,read,2021/11/22,2025/09/07,2025/08/18-2025/09/07,1,"",,,,,,,,,"",,"",No
Empire of Pain: The Secret History of the Sackler Dynasty,Patrick Radden Keefe,"",9780385545686,hardcover,read,2024/02/28,2024/02/28,2024/02/28,1,informative,medium,,,,,,4.5,"","","","",No
The Catcher in the Rye,J.D. Salinger,"",9780316769174,paperback,read,2019/04/25,"","",1,"",,,,,,,,,"",,"",No
Kirja tytölleni,Jani Toivola,"",9789510432129,audio,read,2019/04/21,2020/09/15,2020/09/15,1,"",,,,,,,4.0,,"",,"",No
The Girl Who Played with Fire,Stieg Larsson,Reg Keeland (Translator),9780307269980,hardcover,currently-reading,2020/09/15,"","",0,"",,,,,,,,,"",,"",No
Paying the Land,Joe Sacco,"",9781627799034,hardcover,read,2024/12/05,2025/01/28,2024/12/05-2025/01/28,1,"",,,,,,,,,"",,"",No
My Russia: War Or Peace?,Mikhail Shishkin,Gesche Ipsen (Translator),9781529427790,paperback,read,2024/04/17,2024/04/17,2024/04/17,1,"",,,,,,,,,"",,"",No
"Collusion: Secret Meetings, Dirty Money, and How Russia Helped Donald Trump Win",Luke Harding,"",978052556251,paperback,read,2020/08/26,2020/09/08,2020/09/08,1,"",,,,,,,4.0,,"",,"",No
Urban Warfare in the Twenty-First Century,Anthony King,"",9781509543656,hardcover,read,2024/11/26,2024/11/26,2024/11/26,1,"",,,,,,,,,"",,"",No
Untitled,"","","",,read,2023/11/16,2023/11/16,2023/11/16-2023/11/16,1,"",,,,,,,,,"",,"",No
Chokepoints: American Power in the Age of Economic Warfare,Edward Fishman,"",9780593712979,hardcover,read,2026/09/08,2026/09/15,2026/09/08-2026/09/15,1,"",,,,,,,5.0,"<div>Very clearly goes through economic chokepoints and economic warfare through examples. Sheds light to why sanctions sometimes don’t work, and why sanctions eg against Russia were not as strong as those against Iran.&nbsp;</div>","","","",No
A Very Punchable Face,Colin Jost,"",9781101906323,hardcover,read,2024/10/11,2024/10/11,2024/10/11,1,"",,,,,,,,,"",,"",No
Owned: How Tech Billionaires on the Right Bought the Loudest Voices on the Left,Eoin Higgins,"",B0D5Y89WFS,digital,read,2026/01/24,2026/01/24,2026/01/24,1,"",,,,,,,4.0,"","","","",No
Roar! – Elämäni wookieena,"Joonas Suotamo, Hippo Taatila","",9789510452592,hardcover,read,2021/02/19,2021/02/21,2021/02/21,1,"",,,,,,,,,"",,"",No
Generation Dread: Finding Purpose in an Age of Climate Crisis,Britt Wray,"",9780735280724,hardcover,read,2024/07/26,2024/07/26,2024/07/26,1,"hopeful, informative",medium,,,,,,3.5,"<div>I listened to this one, and it might work better in written format. I wasn’t aware that so many people feel climate related anxiety, and to such an extent.<br><br>Almost all of the general climate change related parts were nothing new for me, so I felt this could have been much shorter.&nbsp;</div>","","","",No
Ruling The Void: The Hollowing Of Western Democracy,Peter Mair,"",9781781680995,hardcover,to-read,2021/02/24,"","",0,"",,,,,,,,,"",,"",No
The Twins Help a Pink Dolphin,Cressida Cowell,"","",hardcover,read,2021/02/19,2021/02/19,2021/02/19,1,"",,,,,,,3.0,,"",,"",No
System Collapse,Martha Wells,"",9781250826978,hardcover,read,2024/12/05,2024/12/11,2024/12/05-2024/12/11,1,"",,,,,,,,,"",,"",No
The Complete Maus,Art Spiegelman,"",9780141014081,paperback,read,2025/07/17,2025/07/17,2025/07/17,1,"challenging, dark, funny, informative, sad",medium,,,,,,5.0,<div>Incredibly good</div>,"","","",No
Aleksi Suomesta,Tuomas Kyrö,"",9789510496572,digital,read,2023/06/13,2023/06/12,2023/06/12,1,"adventurous, dark, emotional, informative, reflective",fast,,,,,,5.0,"","","","",No
White Noise,Don DeLillo,"",9780143129554,paperback,currently-reading,2026/07/03,"","",0,"",,,,,,,,,"",,"",No
Chaos Monkeys: Obscene Fortune and Random Failure in Silicon Valley,Antonio Garcia Martinez,"",9780062458193,hardcover,read,2019/04/12,"","",1,"",,,,,,,4.0,,"",,"",No
Jäätyvä helvetti,Ilkka Remes,"",,hardcover,currently-reading,2023/10/08,"","",0,"",,,,,,,,,"",,"",No
Policing Black Lives: State Violence in Canada from Slavery to the Present,Robyn Maynard,"",9781552669792,paperback,read,2020/10/19,2020/12/21,2020/12/21,1,"",,,,,,,3.0,,"",,"",No
Persepolis: The Story of a Childhood,Marjane Satrapi,"Mattias Ripa (Translator), Blake Ferriss (Translator)",9780375714573,paperback,read,2026/04/18,2026/04/18,2026/04/18,1,"",,,,,,,,,"",,"",No
Taikuuden talo,"Mikki Lish, Kelly Ngai",Terhi Kuusisto (Translator),9789523640573,hardcover,read,2023/09/02,2023/09/02,2023/09/02,1,"",,,,,,,,,"",,"",No
Born a Crime: Stories From a South African Childhood,Trevor Noah,"",9780385689229,hardcover,to-read,2020/03/03,"","",0,"",,,,,,,,,"",,"",No
Risto Räppääjä ja viimeinen tötterö,"Tiina Nopola, Sinikka Nopola","Aino Havukainen (Illustrator), Sami Toivonen (Illustrator)",9789513138998,hardcover,read,2024/07/26,2024/06/26,2024/06/26,1,funny,fast,"","","","","",3.5,"","","","",No
Seitsemän veljestä,Aleksis Kivi,"",9781484085875,paperback,to-read,2019/04/21,"","",0,"",,,,,,,,,"",,"",No
Zero K,Don DeLillo,"",9781501135392,hardcover,to-read,2019/04/12,"","",0,"",,,,,,,,,"",,"",No
Tuntematon Kimi Räikkönen,Kari Hotakainen,"",9789522346254,paperback,read,2021/11/22,2020/10/31,2020/10/31,1,"",,,,,,,,,"",,"",No
I Am Not Your Negro: A Companion Edition to the Documentary Film Directed by Raoul Peck,"James Baldwin, Raoul Peck",Pierre Furlan (Translator),9780525434696,paperback,to-read,2021/02/24,"","",0,"",,,,,,,,,"",,"",No
Life along the Silk Road,Susan Whitfield,"",,,to-read,2020/01/02,"","",0,"",,,,,,,,,"",,"",No
Vapaudu sosiaalisesta jännittämisestä. Käytä kehosi viisautta,Tiia Minaya,"",9789523841024,hardcover,currently-reading,2024/05/10,"","",0,"",,,,,,,,,"",,"",No
"The Big Con: How the Consulting Industry Weakens our Businesses, Infantilizes our Governments and Warps our Economies","Rosie Collington, Mariana Mazzucato","",0241573084,hardcover,read,2023/11/16,2024/02/01,2023/11/16-2024/02/01,1,"",,,,,,,,,"",,"",No
Things Fall Apart,Chinua Achebe,"",9780141023380,paperback,read,2026/09/02,2026/09/02,2026/09/02,1,"",,"","","","","",4.0,"","","","",No
For Small Creatures Such as We: Rituals for Finding Meaning in Our Unlikely World,Sasha Sagan,"",9780735218772,hardcover,to-read,2021/02/24,"","",0,"",,,,,,,,,"",,"",No
"Black Wave: Saudi Arabia, Iran, and the Forty-Year Rivalry That Unraveled Culture, Religion, and Collective Memory in the Middle East",Kim Ghattas,"",9781250131201,hardcover,read,2026/04/13,2026/04/13,2026/04/13,1,"",,,,,,,5.0,<div>I thought I was fairly knowledgeable but I learned so much more</div>,"","","",No
Artificial Condition,Martha Wells,"",9781250186928,hardcover,read,2024/05/13,2024/05/13,2024/05/12-2024/05/13,1,"adventurous, funny",fast,"","","","","",4.0,<div>I haven’t read or listened to many short stories like this but I like the characters so far in the series and look forward to continuing with the next books.&nbsp;</div>,"","","",No
"By Steppe, Desert, and Ocean: The Birth of Eurasia",Barry Cunliffe,"",9780199689187,paperback,to-read,2020/01/02,"","",0,"",,,,,,,,,"",,"",No
Kunnon kansalainen,Heikki Aittokoski,Antti Holma (Narrator),9789512442287,audio,read,2025/07/01,2025/07/01,2025/06/27-2025/07/01,1,"",,,,,,,,,"",,"",No
Decolonizing Wealth: Indigenous Wisdom to Heal Divides and Restore Balance,Edgar Villanueva,"",9781523097890,paperback,to-read,2021/11/22,"","",0,"",,,,,,,,,"",,"",No
Risto Räppääjä ja sitkeä finni,"Tiina Nopola, Sinikka Nopola","Aino Havukainen (Illustrator), Sami Toivonen (Illustrator)",9789513127725,hardcover,read,2024/07/26,2024/07/19,2024/07/19,1,funny,fast,"","","","","",4.0,<div>Taas naurettiin lasten kanssa. Villi kone oli vähän parempi.&nbsp;</div>,"","","",No
The Water Knife,Paolo Bacigalupi,"",9780385352871,hardcover,to-read,2020/01/04,"","",0,"",,,,,,,,,"",,"",No
The Hotel New Hampshire,John Irving,"",9780552992091,paperback,read,2019/04/25,"","",1,"",,,,,,,,,"",,"",No
"One Fish, Two Fish, Red Fish, Blue Fish",Dr. Seuss,"",9780007173686,hardcover,read,2020/01/02,"","",1,"",,,,,,,4.0,,"",,"",No
Missä kuljimme kerran,Kjell Westö,Katriina Savolainen,9789511224129,hardcover,read,2019/04/12,"","",1,"",,,,,,,5.0,,"",,"",No
Green Eggs and Ham,Dr. Seuss,"",9780394800165,hardcover,read,2019/04/25,"","",1,"",,,,,,,5.0,,"",,"",No
Range: Why Generalists Triumph in a Specialized World,David Epstein,"",9780735214484,hardcover,read,2019/12/11,2020/06/02,2020/06/02,1,"",,,,,,,4.0,,"",,"",No
Jali ja suklaatehdas,"Nina Pitkänen, Aila Nissinen, Roald Dahl","",,hardcover,read,2024/03/05,2024/03/05,2024/03/05,1,"",,,,,,,,,"",,"",No
28: Stories of AIDS in Africa,Stephanie Nolen,"",9780676978223,hardcover,to-read,2021/02/24,"","",0,"",,,,,,,,,"",,"",No
The Functional Art: An Introduction to Information Graphics and Visualization,Alberto Cairo,"",9780321834737,paperback,read,2019/04/12,"","",1,"",,,,,,,4.0,,"",,"",No
The Twits,Roald Dahl,Quentin Blake (Illustrator),9780141318301,paperback,read,2019/04/25,"","",1,"",,,,,,,,,"",,"",No
Fugitive Telemetry,Martha Wells,"",9781250765376,hardcover,read,2025/03/28,2025/03/28,2025/03/26-2025/03/28,1,"",,,,,,,,,"",,"",No
Taikurin kartta,Mikki Lish,"Terhi Kuusisto, Kelly Ngai",9789523641631,hardcover,read,2023/09/18,2023/09/18,2023/09/18,1,"",,,,,,,,,"",,"",No
The Sleepwalkers: How Europe Went to War in 1914,Christopher Clark,"",9781799951223,audio,read,2019/04/12,"","",1,"",,,,,,,4.0,,"",,"",No
Silent Invasion: China's Influence In Australia,Clive Hamilton,"",,,read,2023/06/27,2023/06/28,2023/06/28,1,"",,,,,,,,,"",,"",No
The Black Death 1346-1353: The Complete History,OLE J. Benedictow,"",9781843832140,paperback,to-read,2021/02/24,"","",0,"",,,,,,,,,"",,"",No
The Hate U Give,Angie Thomas,Bahni Turpin (Narrator),9780062677082,audio,read,2019/04/12,2020/05/29,2020/05/29,1,"",,,,,,,5.0,,"",,"",No
Murder in Mesopotamia,Agatha Christie,"",9780007113804,paperback,read,2019/04/21,"","",1,"",,,,,,,,,"",,"",No
Mikael Karvajalka,Mika Waltari,"",9789510207482,hardcover,read,2019/04/12,"","",1,"",,,,,,,5.0,,"",,"",No
Operaatio Punainen kettu,Helena Immonen,"",9789522918581,hardcover,read,2023/02/20,2023/02/20,2023/02/20,1,"",,,,,,,3.0,"","","","",No
"The Gulag Archipelago, Abridged Edition",Aleksandr Solzhenitsyn,"",9780060007768,paperback,currently-reading,2023/05/16,"","",0,"",,,,,,,,,"",,"",No
Johannes Angelos,Mika Waltari,"",,,read,2019/04/12,"","",1,"",,,,,,,5.0,,"",,"",No
Tasavallan ensimmäiset: Presidenttipari Ester ja Kaarlo Juho Ståhlberg 1919–1925,"Marjaliisa Hentilä, Seppo Hentilä","",9789522349804,hardcover,currently-reading,2023/05/16,"","",0,"",,,,,,,,,"",,"",No
How Not To Be a Boy,Robert Webb,"",9781786890085,hardcover,to-read,2021/02/24,"","",0,"",,,,,,,,,"",,"",No
The Return of Tarzan,Edgar Rice Burroughs,"",9781426450167,paperback,read,2019/04/25,"","",1,"",,,,,,,,,"",,"",No
"Carry On, Jeeves",P.G. Wodehouse,"",9781585673926,hardcover,read,2019/04/21,"","",1,"",,,,,,,4.0,,"",,"",No
Sapiens: A Brief History of Humankind,Yuval Noah Harari,Derek Perkins (Narrator),9781494506902,audio,read,2019/04/12,"","",1,"",,,,,,,5.0,,"",,"",No
Natives: Race and Class in the Ruins of Empire,Akala,"",9781473661219,hardcover,to-read,2021/02/24,"","",0,"",,,,,,,,,"",,"",No
"Turms, kuolematon",Mika Waltari,"",9789510207505,hardcover,read,2019/04/25,"","",1,"",,,,,,,4.0,,"",,"",No
The New Silk Roads: The Present and Future of the World,Peter Frankopan,"",9781526607423,hardcover,read,2019/04/12,2020/03/01,2020/03/01,1,"",,,,,,,4.0,,"",,"",No
And Then There Were None,Agatha Christie,"",9780312330873,paperback,to-read,2020/01/24,"","",0,"",,,,,,,,,"",,"",No
"Shogun, Part 1",James Clavell,"","",hardcover,read,2024/07/30,2024/08/22,2024/07/30-2024/08/22,1,"",,,,,,,,,"",,"",No
Muumipeikko ja pyrstötähti,Tove Jansson,Laila Järvinen (Translator),"",hardcover,to-read,2021/01/17,"","",0,"",,,,,,,,,"",,"",No
"The Lion, the Witch and the Wardrobe",C.S. Lewis,Tudor Humphries (Illustrator),9780060556501,hardcover,read,2019/04/25,"","",1,"",,,,,,,,,"",,"",No
The Circle,Dave Eggers,"",9780241981221,paperback,read,2019/04/12,"","",1,"",,,,,,,4.0,,"",,"",No
God's Debris: A Thought Experiment,Scott Adams,"",9780740747878,paperback,read,2019/04/25,"","",1,"",,,,,,,4.0,,"",,"",No
Mörköviesti,Tuutikki Tolonen,Pasi Pitkänen (Illustrator),9789520409364,hardcover,read,2023/07/08,2023/07/08,2023/07/08,1,"",,,,,,,,,"",,"",No
Washington Black,Esi Edugyan,"",9780525521426,hardcover,to-read,2020/03/03,"","",0,"",,,,,,,,,"",,"",No
Risto Räppääjä ja kauhea makkara,"Tiina Nopola, Sinikka Nopola","Aino Havukainen (Illustrator), Sami Toivonen (Illustrator)",9789513111458,hardcover,read,2024/04/07,2024/04/06,2024/04/06-2024/04/06,1,funny,fast,"","","","","",4.5,<div>Erittäin hauska</div>,"","","",No
Matilda,Roald Dahl,Quentin Blake (Illustrator),9780141301068,paperback,read,2019/04/25,"","",1,"",,,,,,,,,"",,"",No
Invisible Women: Data Bias in a World Designed for Men,Caroline Criado Pérez,"",9781419729072,hardcover,to-read,2021/02/24,"","",0,"",,,,,,,,,"",,"",No
Ain't I a Woman: Black Women and Feminism,bell hooks,"",9780896081291,paperback,read,2021/12/10,2021/12/10,2021/12/10,1,"",,,,,,,,,"",,"",No
The Reluctant Fundamentalist,Mohsin Hamid,"",9780141036021,paperback,read,2023/09/15,2023/09/15,2023/09/15,1,"",,"","","","","",3.0,"","","","",No
The Great Gatsby,F. Scott Fitzgerald,"","",paperback,read,2019/04/25,"","",1,"",,,,,,,4.0,,"",,"",No
Miksi Venäjä toimii niin kuin se toimii,"Antero Holmila, Martti J. Kari",Jussi Puhakka (Narrator),9789523824812,audio,read,2024/03/05,2024/03/05,2024/03/05,1,"",,,,,,,,,"",,"",No
Harry Potter and the Deathly Hallows,J.K. Rowling,Mary GrandPré (Illustrator),9780545010221,hardcover,read,2022/02/04,2022/02/04,2022/02/04,1,"",,,,,,,,,"",,"",No
The Nature of Technology: What It Is and How It Evolves,W. Brian Arthur,"",9781416544050,hardcover,to-read,2021/02/24,"","",0,"",,,,,,,,,"",,"",No
Connectography: Mapping the Future of Global Civilization,Parag Khanna,"",9780812988550,hardcover,to-read,2020/05/24,"","",0,"",,,,,,,,,"",,"",No
Kuinkas sitten kävikään?,"Tove Jansson, Hannes Korpi-Anttila","","",hardcover,read,2020/05/29,"","",1,"",,,,,,,5.0,,"",,"",No
Populismi,Timo Soini,"",9789523490413,paperback,read,2022/06/05,2022/06/05,2022/06/05,1,"",,,,,,,,,"",,"",No
The Dorito Effect: The Surprising New Truth About Food and Flavor,Mark Schatzker,"","",,read,2019/04/12,"","",1,"",,,,,,,4.0,,"",,"",No
The Rise of the Meritocracy,Michael Young,"",9781560007043,paperback,currently-reading,2019/04/12,"","",0,"",,,,,,,,,"",,"",No
مذاهب الهواة .. كيف يقتل الإنترنت ثقافتنا,Andrew Keen,"",9780385520805,paperback,to-read,2019/04/12,"","",0,"",,,,,,,,,"",,"",No
The World According to Garp,John Irving,"",9780345915597,hardcover,read,2019/04/25,"","",1,"",,,,,,,5.0,,"",,"",No
Sinuhe egyptiläinen,Mika Waltari,"",9789510098752,hardcover,read,2020/01/24,"","",1,"",,,,,,,5.0,,"",,"",No
Pommituslentolaivue 46,Matti Hämäläinen,"",952518661X,hardcover,read,2022/06/10,2022/06/10,2022/06/10,1,"",,,,,,,,,"",,"",No
The Future Is History: How Totalitarianism Reclaimed Russia,M. Gessen,"",9781594634536,hardcover,read,2020/01/05,2020/01/31,2020/01/31,1,"",,,,,,,4.0,,"",,"",No
Radical Candor: Be a Kickass Boss Without Losing Your Humanity,Kim Scott,"",9781250103505,hardcover,read,2022/08/18,2022/08/18,2022/08/18,1,"",,,,,,,,,"",,"",No
Koiramäen talossa,Mauri Kunnas,"",,,read,2019/04/25,"","",1,"",,,,,,,,,"",,"",No
How Democracies Die: What History Reveals About Our Future,"Steven Levitsky, Daniel Ziblatt","",9781524762933,hardcover,to-read,2020/01/19,"","",0,"",,,,,,,,,"",,"",No
"Kulosaarentie 8, Kulosaari, Puh. 35",Henrik Tikkanen,Elvi Sinervo (Translator),9789515202932,hardcover,read,2025/01/16,2025/01/16,2025/01/16,1,"",,,,,,,,,"",,"",No
"Very Good, Jeeves!",P.G. Wodehouse,"",9780393339796,paperback,read,2019/04/21,"","",1,"",,,,,,,4.0,,"",,"",No
James and the Giant Peach,Roald Dahl,Quentin Blake (Illustrator),9780375814242,hardcover,read,2019/04/25,"","",1,"",,,,,,,,,"",,"",No
Jesus and John Wayne: How White Evangelicals Corrupted a Faith and Fractured a Nation,Kristin Kobes Du Mez,"",9781631495731,hardcover,read,2023/08/04,2023/09/23,2023/08/04-2023/09/23,1,informative,medium,,,,,,4.0,"","","","",No
In the Darkroom,Susan Faludi,"",9780805089080,hardcover,read,2021/01/08,2021/01/17,2021/01/17,1,"",,,,,,,4.0,,"",,"",No
Pitkä vuoro – kuinka moderni orjuus juurtui Suomeen,Paavo Teittinen,"",9789512434107,hardcover,read,2026/08/20,2026/08/20,2026/08/20,1,"",,,,,,,4.0,"<div>Tosi hyvää ja tärkeätä tutkivaa journalismia. Masentavaa luettavaa. Vaikka olen uutisista seurannut ihmiskauppajuttuja, yllätti kirjassa kuvattu laajuus ja avoimuus toiminnassa. Toistoa tulee jonkin verran, mutta ehkä se kuvastaa myös ilmiötä.&nbsp;</div>","","","",No
Kissani Jugoslavia,Pajtim Statovci,"",9789511269786,hardcover,to-read,2019/04/21,"","",0,"",,,,,,,,,"",,"",No
Do Androids Dream of Electric Sheep?,Philip K. Dick,"Chris Moore, Graham Sleight",9780575094185,paperback,read,2019/04/12,"","",1,"",,,,,,,4.0,,"",,"",No
The Art of War,Sun Tzu,Lionel Giles (Translator),9781847497468,paperback,read,2019/04/25,"","",1,"",,,,,,,,,"",,"",No
Men Who Hate Women,Laura Bates,Laura Bates (Narrator),B08GL18M2C,audio,read,2021/02/24,2026/06/08,2026/06/08,1,"",,,,,,,5.0,<div>Should be read by everyone. Also and especially men. The book doesn't blame men for things happening in the world today. It helps understand what is going on and why.</div>,"","","",No
Get the Truth: Former CIA Officers Teach You How to Persuade Anyone to Tell All,"Philip Houston, Michael Floyd","",9781427243799,audio,read,2023/05/16,2023/06/22,2023/05/16-2023/06/22,1,"",,,,,,,,,"",,"",No
Nomadland: Surviving America in the Twenty-First Century,Jessica Bruder,"",9780393356311,paperback,read,2021/11/22,2021/09/02,2021/09/02,1,"",,,,,,,,,"",,"",No
The Witches,Roald Dahl,Quentin Blake (Illustrator),9780590032490,paperback,read,2019/04/25,"","",1,"",,,,,,,,,"",,"",No
Fifteen Dogs,André Alexis,"",9781552453056,paperback,to-read,2020/01/04,"","",0,"",,,,,,,,,"",,"",No
Death's End,Cixin Liu,Ken Liu (Translator),9780765377104,hardcover,read,2021/12/24,2021/12/24,2021/12/24,1,"",,,,,,,,,"",,"",No
The Edge of the World: A Cultural History of the North Sea and the Transformation of Europe,Michael Pye,"",9781605986999,hardcover,to-read,2020/01/02,"","",0,"",,,,,,,,,"",,"",No
Ihmisen arvo. Helsingin Diakonissalaitos 150 vuotta,Jyrki Paaskoski,"","",hardcover,currently-reading,2019/04/12,"","",0,"",,,,,,,,,"",,"",No
Muumipapan urotyöt,Tove Jansson,"Päivi Kivelä (Translator), Laila Järvinen (Translator)",9789510364147,hardcover,read,2021/01/17,2021/01/22,2021/01/22,1,"",,,,,,,3.0,,"",,"",No
The Looming Tower: Al-Qaeda and the Road to 9/11,Lawrence Wright,"",9780375414862,hardcover,currently-reading,2026/09/08,"","",0,"",,,,,,,,,"",,"",No
"Tytöille, jotka ajattelevat olevansa yksin","Elina Hirvonen, Ujuni Ahmed","",9789510468777,hardcover,read,2023/08/04,2023/08/13,2023/08/04-2023/08/13,1,informative,fast,,,,,,3.0,"","","","",No
Auschwitzin tytär,"Malcolm Brabant, Tova Friedman",Heikki Eskelinen (Translator),9789520443252,hardcover,to-read,2024/07/27,"","",0,"",,,,,,,,,"",,"",No
The Dark Forest,Cixin Liu,"",B00R13OYU6,digital,read,2020/10/22,2021/02/03,2021/02/03,1,"",,,,,,,4.0,,"",,"",No
The Good Immigrant: 26 Writers Reflect on America,"","",9780316524285,hardcover,to-read,2021/02/24,"","",0,"",,,,,,,,,"",,"",No
Catch-22,Joseph Heller,Howard Jacobson (Contributor),9780684833392,paperback,read,2019/04/25,"","",1,"",,,,,,,4.0,,"",,"",No
Keskiyön jengi,"David Walliams, Kaisa Kattelus","",,,read,2023/02/26,2023/02/26,2023/02/26,1,"",,,,,,,,,"",,"",No
"#MakeoverMonday: Improving How We Visualize and Analyze Data, One Chart at a Time","Eva Murray, Andy Kriebel","",,,currently-reading,2019/04/12,"","",0,"",,,,,,,,,"",,"",No
Brave New World,Aldous Huxley,"",9780060929879,paperback,read,2019/04/25,"","",1,"",,,,,,,4.0,,"",,"",No
Remix: Making Art and Commerce Thrive in the Hybrid Economy,Lawrence Lessig,"",9780143116134,paperback,read,2019/04/12,"","",1,"",,,,,,,4.0,,"",,"",No
Kaikkien aikojen avaruuskirja,"Mauri Kunnas, Tarja Kunnas","","",hardcover,read,2019/04/25,"","",1,"",,,,,,,,,"",,"",No
The Trackers,Charles Frazier,"",9780062948083,hardcover,currently-reading,2023/06/22,"","",0,"",,,,,,,,,"",,"",No
Kleptopia: How Dirty Money Is Conquering the World,Tom Burgis,"",9780062883674,digital,read,2022/11/29,2022/11/29,2022/11/29,1,"dark, informative",medium,,,,,,5.0,"","","","",No
Bertin päiväkirja,"Anders Jacobsson, Tuula Pölsä, Sören Olsson","","",hardcover,read,2019/04/25,"","",1,"",,,,,,,,,"",,"",No
American Gods,Neil Gaiman,"",9780380973651,hardcover,read,2019/04/21,2024/06/03,2024/05/26-2024/06/03,1,"dark, funny, mysterious",fast,"","","","","",4.5,<div>Really enjoyed listening to this. Great voice acting. Went to sleep way too late several nights because of this.&nbsp;</div>,"","","",No
Disappearing Earth,Julia Phillips,"",9780525520412,hardcover,to-read,2020/01/04,"","",0,"",,,,,,,,,"",,"",No
The Hobbit: or There and Back Again,J.R.R. Tolkien,J.R.R. Tolkien (Illustrator),9780618260300,paperback,read,2019/04/25,"","",1,"",,,,,,,4.0,,"",,"",No
Fascism: A Warning,Madeleine K. Albright,"",9780062802231,digital,read,2019/04/12,2019/04/21,2019/04/21,1,"",,,,,,,5.0,,"",,"",No
Kulosaarentie 8/Majavatie 11/Mariankatu 26,Henrik Tikkanen,Elvi Sinervo (Translator),9510297763,paperback,read,2025/08/18,2025/08/18,2025/08/18,1,"",,,,,,,,,"",,"",No
One Hundred Years of Solitude,Gabriel García Márquez,Gregory Rabassa (Translator),9780060929794,paperback,read,2019/04/25,"","",1,"",,,,,,,5.0,,"",,"",No
The Last Hours,Minette Walters,"",9781760294984,paperback,to-read,2020/01/04,"","",0,"",,,,,,,,,"",,"",No
Minun saaristoni,Henrik Tikkanen,"",9513007685,hardcover,read,2025/07/10,2025/07/08,2025/07/08,1,"",,,,,,,,,"",,"",No
What I Talk About When I Talk About Running,Haruki Murakami,Philip Gabriel (Translator),9780307269195,hardcover,read,2024/10/10,2024/10/10,2024/10/10,1,"",,,,,,,,,"",,"",No
The Lord of the Rings,J.R.R. Tolkien,Alan Lee (Illustrator),9780618260584,hardcover,read,2019/04/25,"","",1,"",,,,,,,5.0,,"",,"",No
Moominpappa at Sea,Tove Jansson,Kingsley Hart,9780374453060,paperback,read,2019/04/25,"","",1,"",,,,,,,4.0,,"",,"",No
Think Like a White Man: Conquering the World . . . While Black,Nels Abbey,"",9781786894342,hardcover,to-read,2021/02/24,"","",0,"",,,,,,,,,"",,"",No
The Mind’s I: Fantasies and Reflections on Self and Soul,Douglas R. Hofstadter,Daniel C. Dennett,9780553345841,paperback,to-read,2020/06/14,"","",0,"",,,,,,,,,"",,"",No
The Big Four,Agatha Christie,"",9780007120819,paperback,read,2019/04/21,2019/05/01,2019/05/01,1,"",,,,,,,2.0,Too much like a James Bond spy thriller. Poirot didn't seem very sharp in this either.,"",,"",No
The Murder of Roger Ackroyd,Agatha Christie,"",9781579126278,hardcover,read,2019/06/07,2019/06/09,2019/06/09,1,"",,,,,,,4.0,One of my favorite Poirot stories,"",,"",No
Human Compatible,Stuart Russell,"",9780525558613,hardcover,to-read,2021/02/24,"","",0,"",,,,,,,,,"",,"",No
Hallowe'en Party,Agatha Christie,"",9780007120680,paperback,read,2020/01/24,"","",1,"",,,,,,,4.0,,"",,"",No
Russia's War on Everybody,Keir Giles,"",9781350255081,hardcover,read,2023/08/22,2023/08/22,2023/08/22,1,"",,,,,,,,,"",,"",No
Nineteen Eighty-Four,George Orwell,"",9780452284234,paperback,read,2019/04/21,"","",1,"",,,,,,,5.0,,"",,"",No
Suomalainen vauvakirja,"Matilda Katajamäki, Outi Gyldén","",9789511234104,hardcover,read,2019/05/18,"","",1,"",,,,,,,,,"",,"",No
Taken at the Flood,Agatha Christie,"",9780007121014,paperback,read,2019/04/12,"","",1,"",,,,,,,4.0,,"",,"",No
The Afghanistan Papers: A Secret History of the War,Craig Whitlock,"",9781982159009,hardcover,read,2022/06/06,2022/06/06,2022/06/06,1,"",,,,,,,,,"",,"",No
Kimi Räikkönen jakiego nie znamy,Kari Hotakainen,"","",paperback,read,2020/10/31,"","",1,"",,,,,,,4.0,,"",,"",No
The Ministry for the Future,Kim Stanley Robinson,"",9780316300131,hardcover,to-read,2021/02/24,"","",0,"",,,,,,,,,"",,"",No
The Great Derangement: Climate Change and the Unthinkable,Amitav Ghosh,"",9780226323039,hardcover,to-read,2021/02/24,"","",0,"",,,,,,,,,"",,"",No
Network Effect,Martha Wells,"",9781250229861,hardcover,read,2024/10/27,2024/10/27,2024/10/27,1,"",,,,,,,,,"",,"",No
What Is Populism?,Jan-Werner Müller,"",9780812248982,hardcover,to-read,2021/02/24,"","",0,"",,,,,,,,,"",,"",No
Nanjing: The Burning City,Ethan Young,"",9781616557522,hardcover,read,2024/11/19,2024/11/19,2024/11/19,1,"",,,,,,,,,"",,"",No
Super Sushi Ramen Express: One Family's Journey Through the Belly of Japan,Michael Booth,"",9781250099808,hardcover,read,2024/06/27,2024/06/27,2024/06/27,1,"funny, informative, inspiring",fast,,,,,,4.5,<div>I didn’t expect a food book to be so funny and enjoyable to read. I now really want to go to Japan.&nbsp;</div>,"","","",No
The Electric State,Simon Stålenhag,Martin Dunelind (Translator),9781501181412,hardcover,read,2026/01/01,2026/01/01,2026/01/01,1,"",,,,,,,,,"",,"",No
Agnes ja unien avain,Tuutikki Tolonen,Kati Vuorento (Illustrator),9789510443361,hardcover,read,2023/04/11,2023/02/25,2023/02/25,1,"",,,,,,,,,"",,"",No
For the Love of Men: A New Vision for Mindful Masculinity ,Liz Plank,"",9781250196248,hardcover,read,2024/05/02,2024/05/08,2024/05/02-2024/05/08,1,"hopeful, informative, inspiring",medium,,,,,,5.0,<div>I wish everyone read this book</div>,"","","",No
The American War in Afghanistan: A History,Carter Malkasian,"",9780197550779,hardcover,read,2025/01/21,2025/01/21,2025/01/21,1,"",,,,,,,,,"",,"",No
A Promised Land,Barack Obama,"",9781524763169,hardcover,read,2020/11/20,2021/09/14,2021/09/14,1,"",,,,,,,4.0,,"",,"",No
"Why Nations Fail: The Origins of Power, Prosperity, and Poverty","Daron Acemoğlu, James A. Robinson","",9780307719218,hardcover,to-read,2020/06/11,"","",0,"",,,,,,,,,"",,"",No
Bring Up the Bodies,Hilary Mantel,"",9781443459891,audio,to-read,2020/01/04,"","",0,"",,,,,,,,,"",,"",No
Animal Farm,George Orwell,"Ann Patchett (Contributor), Téa Obreht (Contributor)",9780452284241,paperback,read,2019/04/25,"","",1,"",,,,,,,5.0,,"",,"",No
Tarzan of the Apes,Edgar Rice Burroughs,Vincent (Illustrator),9780809599813,paperback,read,2019/04/25,"","",1,"",,,,,,,,,"",,"",No
Mauri Kunnaksen Koiramäki,Mauri Kunnas,"",,hardcover,read,2019/04/25,"","",1,"",,,,,,,,,"",,"",No
Madonna in a Fur Coat,Sabahattin Ali,"Alexander Dawe (Translator), Maureen Freely (Translator)",9780241206195,hardcover,read,2025/09/16,2025/09/16,2025/09/16,1,"",,,,,,,,,"",,"",No
Kepler62 Uusi maailma: Kaksi heimoa,"Timo Parvela, Bjørn Sortland",Pasi Pitkänen (Illustrator),"",digital,read,2025/12/22,2025/12/22,2025/12/22,1,"",,,,,,,,,"",,"",No
The Da Vinci Code,Dan Brown,"",9780385504201,hardcover,read,2019/04/25,"","",1,"",,,,,,,5.0,,"",,"",No
Kerjäläinen ja jänis,Tuomas Kyrö,"",9789522340689,hardcover,read,2024/03/07,2024/03/07,2024/03/07,1,"adventurous, emotional, funny",medium,"","","","","",4.5,<div>Kyröstä taitaa olla tulossa yksi suosikeistani</div>,"","","",No
Scrappy Little Nobody,Anna Kendrick,"",9781501117206,hardcover,read,2019/04/12,"","",1,"",,,,,,,4.0,,"",,"",No
Secondhand Time: The Last of the Soviets,Svetlana Alexiévich,"",9780399588808,hardcover,to-read,2020/01/05,"","",0,"",,,,,,,,,"",,"",No
The Count of Monte Cristo,Alexandre Dumas,"Robin Buss (Translator), Robin Buss (Contributor)",9780140449266,paperback,read,2019/04/25,"","",1,"",,,,,,,,,"",,"",No
The Girl with the Dragon Tattoo,Stieg Larsson,Reg Keeland (Translator),9780307454546,paperback,read,2019/04/25,"","",1,"",,,,,,,4.0,,"",,"",No
Your Table Is Ready: Tales of a New York City Maître D,Michael Cecchi-Azzolina,"",9781250281982,hardcover,read,2023/11/16,2023/11/27,2023/11/16-2023/11/27,1,"",,,,,,,,,"",,"",No
The Amazing Adventures of Kavalier & Clay,Michael Chabon,"",9780312282998,paperback,to-read,2020/04/11,"","",0,"",,,,,,,,,"",,"",No
The Last Chairlift,John Irving,"",9781501189272,hardcover,read,2024/04/03,2024/04/03,2024/04/03,1,"emotional, funny, mysterious, reflective, relaxing",medium,Character,"",Yes,"","",4.0,<div>Another good one from John Irving</div>,"","","",No
Into the Wild,Jon Krakauer,"","",paperback,read,2019/04/25,"","",1,"",,,,,,,4.0,,"",,"",No
Yearbook,Seth Rogen,"",9781984825407,hardcover,read,2022/04/13,2022/04/13,2022/04/13,1,"",,,,,,,,,"",,"",No
Loud Black Girls: 20 Black Women Writers Ask: What's Next?,"Elizabeth Uviebinené, Yomi Adegoke","",9780008342654,paperback,to-read,2021/02/24,"","",0,"",,,,,,,,,"",,"",No
Muumilaakson kertomuksia,Alex Haridi,"Tove Jansson, Cecilia Davidsson, Katariina Heilala, Cecilia Heikkilä",9789520404796,hardcover,read,2024/02/25,2024/02/25,2024/02/25,1,"",,,,,,,,,"",,"",No
The Code of the Woosters,P.G. Wodehouse,"",9780393339819,paperback,read,2019/04/21,"","",1,"",,,,,,,4.0,,"",,"",No
Risto Räppääjä ja komea Kullervo,"Tiina Nopola, Sinikka Nopola","Aino Havukainen (Illustrator), Sami Toivonen (Illustrator)",9789513125509,hardcover,read,2024/04/15,2024/04/15,2024/04/15,1,"",,,,,,,,,"",,"",No
Murder on the Orient Express,Agatha Christie,"",9780007119318,paperback,read,2019/04/25,"","",1,"",,,,,,,4.0,,"",,"",No
Steal Like an Artist: 10 Things Nobody Told You about Being Creative,Austin Kleon,"",9780761169253,paperback,read,2020/03/01,2020/03/01,2020/03/01,1,"",,,,,,,3.0,,"",,"",No
Harry Potter and the Deathly Hallows,J.K. Rowling,Stephen Fry (Narrator),9781781102428,audio,to-read,2019/04/12,"","",0,"",,,,,,,,,"",,"",No
The Remains of the Day,Kazuo Ishiguro,"",9780679731726,paperback,read,2021/09/15,2021/09/21,2021/09/21,1,"",,,,,,,,,"",,"",No
Home Fire,Kamila Shamsie,"",9780735217683,hardcover,read,2026/05/06,2026/05/06,2026/05/06,1,"",,"","","","","",4.0,"","","","",No
Sulphuric Utopias: A History of Maritime Fumigation,"Christos Lynteris, Lukas Engelmann","",9780262538732,paperback,to-read,2021/02/24,"","",0,"",,,,,,,,,"",,"",No
The Inconvenient Indian: A Curious Account of Native People in North America,Thomas King,"",9780385674058,digital,to-read,2020/01/04,"","",0,"",,,,,,,,,"",,"",No
Lord of the Flies,William Golding,"",9780140283334,paperback,read,2019/04/12,"","",1,"",,,,,,,5.0,,"",,"",No
Mörköreitti,Tuutikki Tolonen,Pasi Pitkänen (Illustrator),"",audio,read,2023/04/11,2023/04/10,2023/04/10,1,"",,,,,,,,,"",,"",No
Twelve Years a Slave,Solomon Northup,"",9780989794800,digital,currently-reading,2019/04/12,"","",0,"",,,,,,,,,"",,"",No
Le Tour du Monde en 80 Jours,Jules Verne,"",2070335216,,currently-reading,2026/07/03,"","",0,"",,,,,,,,,"",,"",No
Morning After the Revolution: Dispatches from the Wrong Side of History,Nellie Bowles,"",9780593420157,digital,read,2024/10/31,2024/10/31,2024/10/29-2024/10/31,1,"",,,,,,,,,"",,"",No
Hemuli joka rakasti hiljaisuutta,Tove Jansson,"Ahti Jokinen (Narrator), Laila Järvinen (Translator)",9789510469798,audio,read,2024/02/25,2024/02/22,2024/02/22,1,"",,,,,,,,,"",,"",No
Heart of Darkness,Joseph Conrad,Aníbal Fernandes (Translator),9781892295491,paperback,read,2019/04/25,"","",1,"",,,,,,,,,"",,"",No
"Friends, Lovers, and the Big Terrible Thing",Matthew Perry,"",9781250866448,hardcover,read,2025/01/30,2025/01/30,2025/01/30,1,"",,,,,,,,,"",,"",No
Harry Potter and the Sorcerer's Stone,J.K. Rowling,Mary GrandPré (Illustrator),9780780797086,paperback,read,2019/04/12,2023/11/13,2023/11/13,2,"",,,,,,,5.0,,"",,"",No
Etusivun juttu,Mauri Kunnas,"",9511114425,hardcover,read,2019/04/25,"","",1,"",,,,,,,,,"",,"",No
Anna Karenina,Leo Tolstoy,Enrichetta Carafa d'Andria (Translator),9788854165526,hardcover,read,2019/04/25,"","",1,"",,,,,,,4.0,,"",,"",No
Homo Deus: A Brief History of Tomorrow,Yuval Noah Harari,"",9781784703936,paperback,read,2019/04/12,"","",1,"",,,,,,,5.0,,"",,"",No
The New Climate War: The Fight to Take Back Our Planet,Michael E. Mann,"",9781541758230,hardcover,to-read,2021/02/24,"","",0,"",,,,,,,,,"",,"",No
Koiramäen Suomen historia,Mauri Kunnas,"",9789511308799,hardcover,read,2019/04/25,"","",1,"",,,,,,,,,"",,"",No
Exit Strategy,Martha Wells,"",B078X1N8VF,digital,read,2024/08/26,2024/08/26,2024/08/26,1,"",,,,,,,,,"",,"",No
Shutdown: How Covid Shook the World's Economy,Adam Tooze,"",9780241485873,hardcover,read,2026/05/23,2026/05/23,2026/05/23,1,informative,medium,,,,,,3.0,"<div>Informative but heavy. It detailed government actions taken, particularly on the economics side, though less on other measures. I felt it lacked a bit in the analysis of the results of the actions—both in terms of how they impacted the pandemic itself and their social and economic impact.&nbsp;</div>","","","",No
The Fourth Hand,John Irving,"",9780345463159,paperback,read,2019/04/25,"","",1,"",,,,,,,3.0,,"",,"",No
"Stiff Upper Lip, Jeeves",P.G. Wodehouse,"",9781841591056,hardcover,read,2019/04/21,"","",1,"",,,,,,,4.0,,"",,"",No
The Rules of Contagion: Why Things Spread - and Why They Stop,Adam Kucharski,"",9781788160193,hardcover,to-read,2021/02/24,"","",0,"",,,,,,,,,"",,"",No
Winners Take All: The Elite Charade of Changing the World,Anand Giridharadas,"",9780451493248,hardcover,to-read,2020/03/03,"","",0,"",,,,,,,,,"",,"",No
Kevytretkeilijän opas,Ossi Määttä,"Jouni Laaksonen, Teemu Saloriutta",9789518580952,paperback,read,2022/09/11,2022/09/11,2022/09/11,1,"",,,,,,,,,"",,"",No
Zero waste - Jäähyväiset jätteille,Otso Sillanaukee,Mari Huhtanen (Illustrator),9789515244031,paperback,read,2020/06/06,2020/06/06,2020/06/06,1,"",,,,,,,2.0,,"",,"",No
War's Unwomanly Face,Svetlana Alexiévich,"Richard Pevear, Larissa Volokhonsky",9785010004941,hardcover,currently-reading,2019/08/31,"","",0,"",,,,,,,,,"",,"",No
Re-Engineering Humanity,"Brett Frischmann, Evan Selinger","",9781107147096,hardcover,to-read,2021/02/24,"","",0,"",,,,,,,,,"",,"",No
The Silk Roads: A New History of the World,Peter Frankopan,Laurence Kennedy (Narrator),9781408839973,hardcover,read,2019/04/12,2020/01/02,2020/01/02,1,"",,,,,,,4.0,"It's interesting to read a history book that cover such a long time period, and ties the years and centuries together as one history. My only criticism is that although the book concentrates on the history of the Middle East-Central Asia, it is still told from the western, and particularly British-American, point of view.","",,"",No
Venäjän idea,Mauno Koivisto,"",9789513121082,paperback,read,2023/08/13,2023/08/13,2023/08/13,1,informative,medium,,,,,,5.0,"","","","",No
The Googlization of Everything: (and Why We Should Worry),Siva Vaidhyanathan,"",9780520258822,hardcover,read,2020/01/02,2020/03/05,2020/03/05,1,"",,,,,,,3.0,"After a decade, still relevant but written in a fairly dry way. Sometimes it took a while to get to the point or felt stuck on a specific issue for too long.","",,"",No
Rogue Protocol,Martha Wells,"",9781250191786,hardcover,read,2024/08/28,2024/08/28,2024/08/28,1,"",,,,,,,,,"",,"",No
Romeo and Juliet,William Shakespeare,"",9780743477116,paperback,read,2019/04/25,"","",1,"",,,,,,,3.0,,"",,"",No
Twilight of Democracy: The Seductive Lure of Authoritarianism,Anne Applebaum,"",9780771005855,hardcover,to-read,2021/02/24,"","",0,"",,,,,,,,,"",,"",No
Reorient: Global Economy in the Asian Age,Andre Gunder Frank,"",9780520214743,paperback,to-read,2020/01/02,"","",0,"",,,,,,,,,"",,"",No
Kontakti!,Seppo Mustaluoto,"",9789512423057,hardcover,read,2023/10/08,2023/10/08,2023/10/08,1,"",,,,,,,,,"",,"",No
Islantilainen kodinonni : perhe-elämää viikinkien malliin,Satu Rämö,"",9789510430637,paperback,read,2023/05/16,2023/05/16,2023/05/16,1,lighthearted,fast,,,,,,3.0,"<div>Hirveästi toistoa. Oli vaikea lukea, kun ei ollut editoitu. Enemmän ekspattiperheen blogin fiilis, eikä niinkään ammattikirjailija. Mukava kuitenkin lukea islantilaisesta arjesta.&nbsp;</div>","","","",No
Putinin trollit: Tositarinoita Venäjän infosodan rintamilta,Jessikka Aro,"",9789510438299,hardcover,read,2019/12/11,"","",1,"",,,,,,,4.0,,"",,"",No
Agnes ja huvilan salaisuus,Tuutikki Tolonen,Kati Vuorento (Illustrator),9789510461778,hardcover,read,2023/05/06,2023/05/06,2023/05/06,1,"",,,,,,,,,"",,"",No
Mostly Harmless,Douglas Adams,"",9780345379337,paperback,read,2019/04/25,"","",1,"",,,,,,,4.0,,"",,"",No
Everything is Tuberculosis,John Green,"",9780525556572,hardcover,read,2025/09/05,2025/09/05,2025/09/05,1,"",,,,,,,,,"",,"",No
4:50 from Paddington,Agatha Christie,"",9781579126933,hardcover,read,2019/04/21,"","",1,"",,,,,,,,,"",,"",No
Harry Potter and the Goblet of Fire,J.K. Rowling,"",9780613496742,paperback,read,2020/05/19,2020/05/26,2020/05/26,1,"",,,,,,,5.0,,"",,"",No
Dune Messiah,Frank Herbert,"",9780593098233,paperback,read,2024/05/01,2026/09/02,"2026/09/02-2026/09/02, 2024/05/01",2,"dark, informative, reflective",medium,"","","","","",4.0,"<div>Not as good as the first but perfectly enjoyable. On second reading, few years later, I liked it a lot.&nbsp;</div>","","","",No
Of Mice and Men,John Steinbeck,Susan Shillinglaw (Contributor),9780142000670,paperback,read,2019/04/25,"","",1,"",,,,,,,5.0,,"",,"",No
Harry Potter and the Prisoner of Azkaban,J.K. Rowling,Mary GrandPré (Illustrator),9780439136365,paperback,read,2019/05/28,2019/05/29,2019/05/29,1,"",,,,,,,4.0,,"",,"",No
Horna,Ilkka Remes,Jukka Pitkänen (Narrator),9789510433836,audio,read,2023/10/08,2023/10/08,2023/10/08,1,"",,,,,,,,,"",,"",No
There's a Wocket in My Pocket!,Dr. Seuss,"",9780007169955,paperback,read,2020/01/02,"","",1,"",,,,,,,4.0,,"",,"",No
The Pull of the Stars,Emma Donoghue,"",9780316499019,hardcover,to-read,2021/02/24,"","",0,"",,,,,,,,,"",,"",No
The Midnight Library,Matt Haig,"",9780525559474,hardcover,to-read,2020/12/23,"","",0,"",,,,,,,,,"",,"",No
Metsä meidän jälkeemme,"Jenni Räinä, Pekka Juntti, Anna Ruohonen",Anssi Jokiranta (Illustrator),9789520119089,hardcover,read,2026/07/03,2026/07/03,2026/07/03,1,"",,,,,,,4.0,"","","","",No
Gangsterimummi,David Walliams,"Jaana Kapari-Jatta (Translator), Tony Ross (Illustrator)",9789513174873,hardcover,read,2023/08/04,2023/08/01,2023/08/01-2023/08/01,1,"",,,,,,,,,"",,"",No
Agent Sonya: Moscow's Most Daring Wartime Spy,Ben Macintyre,"",9780593136300,hardcover,read,2022/12/29,2022/12/29,2022/12/29,1,"adventurous, informative, tense",medium,,,,,,4.0,"","","","",No
Fantastic Mr. Fox,Roald Dahl,Quentin Blake (Illustrator),9780375822070,hardcover,read,2019/04/25,"","",1,"",,,,,,,4.0,,"",,"",No
"La guerre des autres: rumeurs sur Beyrouth, Volumes 1-2",Bernard Boulad,"",9782849533154,,read,2026/03/16,"","",1,"",,,,,,,,,"",,"",No
Gangsterimummi iskee jälleen,David Walliams,"",9789520452261,,read,2023/08/05,2023/08/05,2023/08/05,1,"",,,,,,,,,"",,"adventurous, childrens, fiction, funny",No
Neljäntienristeys,Tommi Kinnunen,"",9789510415603,hardcover,read,2023/06/24,"",2023/06/24-,1,"",,,,,,,,,"",,"",No
J. Edgar Hoover: The Man and the Secrets,Curt Gentry,"",9780393321289,paperback,to-read,2020/11/20,"","",0,"",,,,,,,,,"",,"",No
Monster Nanny,Tuutikki Tolonen,"Annira Silver (Translator), Pasi Pitkänen (Illustrator)",9781328829047,digital,read,2023/03/10,2023/03/09,2023/03/04-2023/03/09,1,"",,,,,,,,,"",,"",No
Harry Potter and the Order of the Phoenix,J.K. Rowling,Mary GrandPré (Illustrator),9780613999168,paperback,read,2022/01/18,2022/01/18,2022/01/18,1,"",,,,,,,,,"",,"",No
What If Solving the Climate Crisis Is Simple?,Tom Bowman,"",9781789047479,paperback,to-read,2021/02/24,"","",0,"",,,,,,,,,"",,"",No
On Tyranny: Twenty Lessons from the Twentieth Century,Timothy Snyder,"",9780804190114,paperback,read,2025/10/27,2025/10/27,2025/10/26-2025/10/27,1,"",,,,,,,,,"",,"",No
Ne jotka jäävät,Tua Harno,"",9789511271420,hardcover,read,2020/03/22,"","",1,"",,,,,,,4.0,,"",,"",No
"The Price of Time: Interest, Capitalism and the Curse of Easy Money",Edward Chancellor,"",9780241569160,hardcover,read,2024/01/26,2024/01/26,2024/01/26-2024/01/26,1,"",,,,,,,,,"",,"",No
Concrete Rose,Angie Thomas,"",9780062846716,hardcover,to-read,2020/06/14,"","",0,"",,,,,,,,,"",,"",No
Nothing Is True and Everything Is Possible: The Surreal Heart of the New Russia,Peter Pomerantsev,"",9781610394550,hardcover,read,2023/04/04,2023/04/04,2023/04/04,1,"",,,,,,,,,"",,"",No
"Tatu ja Patu, syömään!: outo käsikirja siitä, mitä  syödään ja miksi syödään",Aino Havukainen,Sami Toivonen,9789511282396,hardcover,read,2020/12/21,2021/03/05,2021/03/05,1,"",,,,,,,4.0,,"",,"",No
Freakonomics: A Rogue Economist Explores the Hidden Side of Everything,"Steven D. Levitt, Stephen J. Dubner","",9780061234002,hardcover,to-read,2019/05/18,"","",0,"",,,,,,,,,"",,"",No
Agnes ja varjo ikkunassa,Tuutikki Tolonen,Kati Vuorento (Illustrator),9789510482414,hardcover,read,2023/06/27,2023/07/01,2023/07/01,1,"",,,,,,,,,"",,"",No
"AI Superpowers: China, Silicon Valley, and the New World Order",Kai-Fu Lee,"",,paperback,to-read,2020/03/03,"","",0,"",,,,,,,,,"",,"",No
"Rogues: True Stories of Grifters, Killers, Rebels and Crooks",Patrick Radden Keefe,"",9780385548519,hardcover,read,2024/12/05,2024/12/13,2024/12/05-2024/12/13,1,"",,,,,,,,,"",,"",No
Oranssi maa,Tua Harno,"",9789511286011,hardcover,read,2021/06/09,2021/06/10,2021/06/10,1,"",,,,,,,4.0,,"",,"",No
The A.B.C. Murders,Agatha Christie,"",9781579126247,hardcover,read,2019/04/21,"","",1,"",,,,,,,4.0,,"",,"",No
Radio Popov,Anja Portin,Miila Westin (Illustrator),9789515251688,hardcover,read,2023/02/20,2023/02/19,2023/02/18-2023/02/19,1,"",,"","","","","",4.0,"","","","",No
Mikael Hakim,Mika Waltari,"",,,read,2019/04/12,"","",1,"",,,,,,,5.0,,"",,"",No
Post-Communist Mafia State: The Case of Hungary,Balint Magyar,"",9786155513541,paperback,to-read,2021/02/24,"","",0,"",,,,,,,,,"",,"",No
Patriarkkoja ja oligarkkeja,Rene Nyberg,"",9789522345691,hardcover,read,2020/08/04,2020/08/09,2020/08/09,1,"",,,,,,,4.0,,"",,"",No
The People vs. Democracy: Why Our Freedom Is in Danger and How to Save It,Yascha Mounk,"",9780674976825,hardcover,to-read,2021/02/24,"","",0,"",,,,,,,,,"",,"",No
My Man Jeeves,P.G. Wodehouse,"",9781585678754,hardcover,read,2019/04/21,"","",1,"",,,,,,,4.0,,"",,"",No
Kvanttikilpajuoksu - Supertietokoneiden vallankumous,Tommi Tenkanen,"",9789520470494,hardcover,read,2026/06/08,2026/06/08,2026/06/08,1,informative,,,,,,,4.0,<div>Tärkeä aihe ymmärtää ainakin jotain ja kirja oli kiinnostavasti ja selkeästi kirjoitettu. Ei tarvinnut olla alan ammattilainen.&nbsp;</div>,"","","",No
"Freezing Order: A True Story of Money Laundering, Murder, and Surviving Vladimir Putin's Wrath",Bill Browder,"",9781982153281,hardcover,read,2023/10/08,2023/10/31,2023/10/08-2023/10/31,1,"emotional, informative, tense",fast,,,,,,5.0,"","","","",No
Champlain's Dream,David Hackett Fischer,"",9781416593324,hardcover,to-read,2020/01/04,"","",0,"",,,,,,,,,"",,"",No
Koiramäen tarinat,Mauri Kunnas,"",9789511277576,hardcover,read,2019/04/25,"","",1,"",,,,,,,,,"",,"",No
Harry Potter and the Half-Blood Prince,J.K. Rowling,Mary GrandPré (Illustrator),9780439784542,hardcover,read,2022/01/27,2022/01/27,2022/01/27,1,"",,,,,,,,,"",,"",No
Risto Räppääjä ja villi kone,"Tiina Nopola, Sinikka Nopola","Aino Havukainen (Illustrator), Sami Toivonen (Illustrator)",9789513137328,hardcover,read,2024/04/22,2024/04/22,2024/04/22,1,funny,fast,"","","","","",4.5,<div>Kuunnellaan lasten kanssa näitä. Kaikki sarjan kirjat on toistaiseksi olleet aikuisillekin viihdyttäviä. Nauroin paljon.&nbsp;</div>,"","","",No
The War on Normal People: The Truth about America's Disappearing Jobs and Why Universal Basic Income Is Our Future,Andrew Yang,"",9780316414241,hardcover,read,2025/08/26,2025/08/26,2025/08/26,1,"",,,,,,,,,"",,"",No
"Life, the Universe and Everything",Douglas Adams,"",9780345418906,paperback,read,2019/04/25,"","",1,"",,,,,,,4.0,,"",,"",No
Koirien Kalevala,"Mauri Kunnas, Tarja Kunnas","",9789511122449,hardcover,read,2019/04/25,"","",1,"",,,,,,,,,"",,"",No
The Shallows: What the Internet Is Doing to Our Brains,Nicholas Carr,"",9780393339758,paperback,read,2022/09/11,2022/09/11,2022/09/11,1,"",,,,,,,,,"",,"",No
War and Peace,"Helen Edmundson, Leo Tolstoy","",9781854593061,paperback,read,2019/04/25,"","",1,"",,,,,,,4.0,,"",,"",No
Etsivä Vertti ja salakuljettajat,Kari Evinsalo,"",9789518835854,hardcover,read,2025/04/22,2025/04/22,2025/04/21-2025/04/22,1,"",,,,,,,,,"",,"",No
Suuri urheilukirja,Mauri Kunnas,Tarja Kunnas,9789511075189,hardcover,read,2019/04/25,"","",1,"",,,,,,,,,"",,"",No
"So Long, and Thanks for All the Fish",Douglas Adams,"",9780330491235,paperback,read,2019/04/25,"","",1,"",,,,,,,4.0,,"",,"",No
The Attention Merchants: The Epic Scramble to Get Inside Our Heads,Tim Wu,"",9780385352017,hardcover,read,2026/06/09,2026/06/09,2026/06/09,1,"",,,,,,,5.0,"","","","",No
"Brit(ish): On Race, Identity and Belonging",Afua Hirsch,Afua Hirsch (Narrator),9781473554931,audio,read,2021/02/24,2023/04/24,2023/04/24,1,"",,,,,,,,,"",,"",No
Rest: Why You Get More Done When You Work Less,Alex Soojung-Kim Pang,"",9780465074877,hardcover,to-read,2019/04/12,"","",0,"",,,,,,,,,"",,"",No
Harry Potter and the Chamber of Secrets,J.K. Rowling,"",9781856136129,hardcover,read,2019/04/12,"","",1,"",,,,,,,5.0,,"",,"",No
The Snakehead: An Epic Tale of the Chinatown Underworld and the American Dream,Patrick Radden Keefe,"",9780385521307,hardcover,read,2025/02/12,2025/02/19,2025/02/12-2025/02/19,1,"adventurous, dark, informative",fast,,,,,,5.0,"","","","",No
